,Time,MET,MET HR,ANK_GryoX,ANK_GyroY,ANK_GyroZ,THIGH_GryoX,THIGH_GyroY,THIGH_GyroZ,THIGH_AccX,THIGH_AccY,THIGH_AccZ,ANK_AccX,ANK_AccY,ANK_AccZ
0,0.0,3.6,16.9,-0.9375,-0.25,0.1875,0.8125,-1.125,-1.375,2.9671000239999996,8.901300071999998,2.1535403399999997,3.1968109935999998,8.8151584584,1.6462619487999999
1,1.0,3.6,16.9,5.935917721518988,-16.060126582278482,-16.81107594936709,2.3147151898734157,-39.806487341772154,2.748734177215191,3.5799776140941773,8.8247297488,2.0390967841539234,3.3117634028597465,8.987247836680504,1.9334248919149366
2,2.0,3.6,16.9,40.18401898734177,-11.608860759493686,-64.43085443037975,-3.86518987341773,-23.75158227848101,35.242088607594944,4.6995035864,8.949204986229873,0.8617553716091136,-1.6935368540415194,10.528370977770125,-0.28592715625316556
3,3.0,3.6,16.9,93.04968354430385,22.67753164556966,-177.44003164556938,-3.460284810126496,-57.5469936708859,116.97499999999985,3.6287548484617673,8.539044903696198,0.813995844068859,-2.2721274165003114,11.741719827110893,2.1076950705397755
4,4.0,1.8,17.4,-13.821835443038022,-58.59066455696188,61.799208860759734,-4.4341772151899335,-54.867405063291145,155.51344936708853,6.3895996221204925,6.101952056706831,1.8177940114369537,-4.934230396791902,1.5812983296546814,3.631081035495701
5,5.0,1.8,17.4,-41.85996835443009,42.445411392406534,75.18908227848017,11.342563291139161,23.27768987341748,-218.07199367088606,7.854515906734186,9.705651932324024,0.8410619994531422,0.8562064462888008,18.891546449255802,2.3651991289722
6,6.0,2.0,17.16,66.6893987341772,0.3615506329116833,-171.34857594936696,-11.38022151898804,31.080537974684912,121.0034810126587,5.808052863639462,9.879728262029394,-1.446112939422818,-0.5158319747726621,13.19767059919794,0.22115738602733784
7,7.0,2.0,17.16,-27.560126582279064,18.371518987342363,145.27420886075996,4.96613924050677,-35.70189873417715,79.43117088607484,2.3127145340191686,1.9989700578186969,-0.3267808160364495,-0.44587674595035404,-4.992918157168578,-0.3310939544952077
8,8.0,0.5,19.37,-58.65332278481016,15.48512658227838,89.85253164556953,25.43797468354436,42.90996835443029,-197.35221518987345,7.346025959787338,10.234617171392403,1.9115441951270908,-6.471621946181273,12.173469833053183,-0.8437516532111291
9,9.0,0.5,19.37,72.63496835443033,3.831962025317398,-164.23006329113934,-0.9159810126586989,17.22373417721674,108.09050632911482,6.363575404678542,8.960448223560551,0.005645849780275158,0.08245848412958728,13.723752335588761,-0.24689083009013757
10,10.0,5.1,16.22,-15.090981012658485,23.2191455696205,152.40822784810183,0.4169303797468902,-33.372626582277654,71.11155063291059,2.116951356445514,2.1589923408607192,0.5390211517671061,0.18052180627851006,-5.482532065579777,0.16780047093669528
11,11.0,5.1,16.22,-37.571360759493665,11.721677215189898,64.85158227848098,11.418354430379749,26.0625,-211.83544303797467,8.18766950599899,11.710752462221771,1.6553001546713924,-1.6365452717103741,19.07075977532759,1.5627372956131662
12,12.0,1.4,16.98,54.50015822784786,5.0014240506336245,-164.57041139240457,27.765189873417665,-46.244303797465506,141.53765822784842,4.870066404439463,7.791030385599999,-0.7732391087453242,0.5624284087958847,12.220841662754362,0.6529558541993754
13,13.0,1.4,16.98,-26.610126582278703,40.53908227848095,169.63607594936718,-6.137183544304273,-3.7381329113909416,18.124050632910503,-1.585611468113453,0.06140164524959879,-0.22006698585522033,-0.5233920826329314,-7.426642879181728,-0.9273974619726901
14,14.0,1.4,16.98,29.33655063291245,-4.46645569619977,-89.70205696202875,5.809810126581999,-26.820253164554885,-96.97705696202222,12.07516419975491,10.472954417909818,1.4762806775189317,8.382172665596228,20.046764853863312,4.590221258035506
15,15.0,2.8,16.32,-7.117088607595791,-50.045886075951415,-21.77531645569447,-11.325949367088905,22.689082278480843,161.02136075949312,6.472494266318854,5.700612100010086,0.8270079527899139,-2.9324495296404196,4.606213793893562,-0.26981346482017177
16,16.0,2.8,16.32,-47.65031645569618,-0.6802215189876897,107.28544303797464,19.255063291139237,29.47294303797465,-208.3939873417726,4.710771054845585,9.205545951145352,1.4596339015574813,-8.233757086608597,7.08268220265525,-2.7237953989204926
17,17.0,3.7,16.27,72.77563291139248,-12.038449367088711,-189.66202531645575,5.813765822784753,-26.779430379746735,131.61123417721495,6.079223270896212,8.794174312864818,0.700545763935182,2.675066626782818,15.233084253881529,0.5727508637589999
18,18.0,3.7,16.27,-4.073892405063227,21.743196202534136,161.84493670886442,-19.292405063291604,-33.465664556962565,78.08148734176784,1.4353543243906732,1.3982564874228336,0.18403531794429154,-0.5773547755968911,-7.720008987720743,0.793617476406932
19,19.0,3.1,16.22,-12.010284810126045,-0.029905063296965295,11.36281645569278,14.762025316455649,-11.940031645573328,-180.65110759493462,10.811317706886129,11.425164541577807,3.5316123086805824,7.842230731461024,19.821415484951824,0.8671104480102179
20,20.0,3.1,16.22,18.778481012657537,13.476265822784558,-89.19382911392216,-2.534018987341843,60.95806962025094,179.14319620253175,11.593134630319003,8.70442226313918,2.2385915534277796,-3.900361415787329,9.832865285741715,-2.7260004303797274
21,21.0,3.1,16.22,-43.05332278481052,26.021993670886232,125.33354430379677,7.656962025316596,4.8924050632914895,-163.17927215189997,3.0285016692496285,4.58069842986538,-0.16230000784606216,-7.912719044812183,2.412716345363152,-4.248441381853195
22,22.0,2.6,15.87,76.46851265822788,-12.117405063291214,-196.28765822784817,14.204588607594967,-44.67674050632915,122.8068037974686,6.739375766231883,8.521719656516446,0.5279475322410205,4.877820361219219,15.368487724147824,2.162699701446062
23,23.0,0.8,18.31,-25.2172468354432,17.978322784812082,151.39889240506594,-6.259177215190752,-33.6373417721543,84.28354430379238,2.252669831205823,1.601555541741662,0.18388993125457914,-1.948448183175622,-7.381912241008973,1.710280554462705
24,24.0,0.8,18.31,-15.534177215189748,27.067088607585553,27.963132911388197,16.488291139241007,4.689398734174466,-206.76819620253,10.432391531505859,11.36160632709887,2.528201839151492,8.986763214381915,20.577741275471325,-0.19401853729825336
25,25.0,0.8,18.31,30.825949367087485,-1.2397151898739094,-102.01424050632706,-4.070411392404266,57.98813291139088,172.17563291139322,8.900209671827945,9.708075043817642,0.9811178437874487,-3.8459625627545293,10.755586142531556,-2.065339081630432
26,26.0,7.1,15.5,-48.62310126582367,22.494462025315695,132.42705696202447,2.1987341772161617,39.897943037974976,-117.7848101265842,3.187845481073501,3.588458504322094,-0.2595637032020064,-5.499057685966674,-0.8698970262276982,-3.3163188524678735
27,27.0,7.1,15.5,78.67579113924062,19.665189873418026,-187.42848101265838,12.548575949367004,-42.144620253164206,89.81518987341906,8.686854704810049,10.516303882531625,-0.07305681153418721,5.303851824036373,17.736400737992867,3.636096876287566
28,28.0,7.1,15.5,-15.119145569619437,-3.0066455696162926,146.28765822785186,-5.98465189873565,-26.700316455695866,116.10553797467998,2.580492585184612,1.1445082518052008,0.9116230061486352,-2.201033325275736,-4.744306917918589,2.349860833217279
29,29.0,2.8,16.49,-21.04145569620066,20.462658227836357,29.48433544303371,19.388132911393008,-9.699050632916748,-200.30189873417402,11.150189849276082,12.043930292601539,1.9183773695393254,11.069863703261632,21.982976323995892,-0.4444713412843007
30,30.0,2.8,16.49,12.246835443036208,-7.795886075952078,-69.83386075948988,1.1708860759478155,77.82041139240148,180.31012658227903,10.272538866268263,8.023164466693554,1.5086292159595036,-3.057845549438016,10.320758784992394,-2.4257769163138847
31,31.0,5.9,15.6,-48.54161392405079,25.951107594936317,112.65727848101139,5.2227848101273615,40.281962025316155,-165.7504746835466,3.5002572459524663,6.347413251015822,0.28338288918481735,-8.017930545867328,3.016022645057398,-3.8453810159960278
32,32.0,5.9,15.6,70.06772151898754,-24.302531645569836,-193.90537974683542,9.26882911392437,-27.005696202532455,121.03465189873529,6.3948577740616965,9.312065932407059,0.6756846400101307,2.07970813278771,15.6516040710683,1.1035092053326134
33,33.0,5.3,15.97,-21.938132911392245,-1.549683544303079,151.50268987341838,-7.2547468354431555,-38.40474683544342,97.84208860759404,2.365926062420196,0.7244134121478005,0.34870997505413737,-1.9853037089944154,-7.06894316048614,2.0499038614156824
34,34.0,5.3,15.97,-12.948575949367143,1.50189873417753,49.23607594936723,-10.425474683544316,-16.332278481012484,-212.9393987341773,11.018711819629367,11.91436652103493,2.0832458755686067,10.87451245464101,20.776654497986843,-1.2621503148232869
35,35.0,3.0,16.13,26.833860759486225,-40.91455696202669,-133.1289556961964,39.45411392405337,-4.813291139242125,165.51740506329548,7.389641966673351,9.397674461477928,0.9862063779247943,-3.3526170626428335,7.571617639847847,-1.1325623121416895
36,36.0,3.0,16.13,-49.096044303798685,22.141455696203842,122.62136075948914,11.850791139243796,23.76724683544259,-156.09256329114817,3.3471892928975526,5.201305745624871,0.4166782524518851,-8.029294938772987,1.2100291865951052,-3.5709151771079504
37,37.0,3.0,16.13,85.04303797468394,-19.129113924051804,-195.77151898734198,1.7153481012686669,-75.69240506329677,108.37420886076605,6.906764308214017,8.861149114549471,1.8603923114955423,4.162832852781319,15.45516242227601,3.516831328569003
38,38.0,3.0,16.13,-14.062658227846862,15.716930379751673,159.7316455696228,-9.123575949368828,-46.39398734177406,87.09335443037344,0.9564263376665726,1.607952556085253,0.33589171525284434,-2.1344219903147463,-7.631759267121453,1.6549366879471554
39,39.0,4.2,15.58,6.864556962028958,-20.15537974683835,-10.941930379752634,10.803955696201957,-40.65079113924383,-163.18243670885636,11.290706084794026,12.069033727675858,2.4618328153397706,5.130066267710104,19.991227138428272,1.2096657198705827
40,40.0,4.2,15.58,-2.8560126582291385,-41.19620253164881,-43.658227848098385,-2.955696202531756,6.492088607591537,170.43196202531507,7.868327642247766,6.91761984770624,1.6615275512101362,-4.941572424617739,6.297060994176812,-0.7274180703998095
41,41.0,7.5,15.65,-50.376740506329334,-36.091139240508305,105.6669303797463,22.380854430380076,18.62151898734133,-224.09762658228044,5.115576060978288,9.530994055860445,1.2488716638379835,-8.99320869095503,8.996504122586778,-2.2496409418387797
42,42.0,7.5,15.65,66.58243670886074,20.74794303797605,-172.52357594936626,23.214082278480983,-30.65901898734051,138.14098101265827,6.175130023815738,8.767932015388396,-0.13685733716255036,-0.46678819814083905,13.847403715110854,0.419077132830327
43,43.0,7.5,15.65,-19.396677215189925,28.985917721519392,170.94129746835466,-16.05522151898774,2.129430379748767,24.305537974681464,-0.529159087987821,-0.051757661504852726,0.1495786725041539,-0.5072783912,-7.014011222924452,-0.6528589297398035
44,44.0,6.7,15.98,21.533069620253585,-13.454430379746057,-78.43164556962175,14.347626582278378,-36.61123417721516,-118.47800632911245,12.84680405491443,12.05243541394429,2.4760564798075224,8.715738193814817,21.01426481105621,4.467611816455709
45,45.0,6.7,15.98,-29.369462025325596,-98.56329113925136,-11.037183544290627,0.5965189873387784,-21.975474683548295,156.0609177215162,6.848440014561621,5.578729591878542,1.4262434251748972,-4.088273712121941,5.474535797650205,1.0158894937219407
46,46.0,6.2,15.98,-54.861708860760174,-29.44636075949794,98.7530063291136,18.542405063290314,38.36503164557367,-223.01012658228336,5.636036178704181,10.806689563933773,1.0570339268841715,-8.178073984484172,12.188468893200474,-1.574755928621228
47,47.0,6.2,15.98,72.18164556962108,25.44446202532498,-177.79873417721205,23.118987341771643,-44.137341772143024,136.25284810126473,5.08463292720404,8.277348862379794,-0.7951198055333253,-0.9610060183898977,12.892261626535369,-0.023964572672712015
48,48.0,6.2,15.98,-11.225474683544165,24.398892405064345,161.37088607594984,-26.016930379747002,-21.563132911391488,18.584493670878913,0.776801082640902,0.6195411467017466,0.49530822042095957,-1.458591963615211,-6.924961875532169,-0.3632486440164491
49,49.0,6.0,15.91,8.201424050635355,-31.801265822786565,-33.67104430380651,15.82990506329185,-46.74794303797698,-148.0618670886011,11.703749670005244,12.42501303721125,2.9448316293733496,5.886440520459307,19.857083686138832,2.7480507449725877
50,50.0,6.0,15.91,-28.113132911393212,13.321202531643838,-32.066455696189315,40.83860759493462,5.259493670890404,152.47547468353986,1.2698315782574263,6.738794219473058,-0.07245103366062688,1.0524784772760216,1.5608472686481947,0.9797851324660758
51,51.0,5.2,16.04,-47.543987341773274,10.742088607594468,102.83338607594715,27.751898734177576,-0.8422468354445538,-218.87056962025437,7.6372597302116825,9.084341914232045,1.6527558876030066,-6.74504584712689,13.13377314911048,-1.3495761775148625
52,52.0,5.2,16.04,56.706012658226676,45.55158227847936,-142.51218354430193,18.926107594936372,-0.8441455696191529,142.38006329113887,6.1487665707646455,9.689901707615252,0.8122512037935542,-2.1212402637895336,10.857162976346203,-0.4233902712891511
53,53.0,5.2,16.04,-27.631803797468745,9.689873417720912,164.3765822784806,-14.343829113923498,27.374841772153005,-27.74936708861202,0.27521700345125083,0.8661896656426162,0.5030621772011118,-1.3822154893348155,-6.241668665431758,-1.168618211167686
54,54.0,4.9,16.12,56.04525316455831,24.47357594936621,-138.53924050633188,21.817879746835576,-58.42626582278475,-44.94430379746409,12.23453224269356,11.142023963542202,1.801195697705293,11.72390995763262,21.044238700232903,4.6037906824
55,55.0,4.9,16.12,-34.39240506329452,-82.72310126581756,69.58227848102862,-12.071202531645525,-27.197784810126844,146.45411392404867,6.2099501359791285,8.389054302237275,3.628003683898828,-3.5605200288,1.7863177931337608,1.596830474329604
56,56.0,4.9,16.12,-50.10205696202233,-6.987025316442839,73.96297468353829,8.874525316455419,40.10110759493317,-228.3912974683535,8.978524635303675,11.054985798689705,1.864826605528992,-3.301344023435718,18.999956457483087,2.2610537969746827
57,57.0,6.1,15.96,45.75822784809802,24.41534810126046,-146.38955696201955,3.885759493666632,31.164873417733997,154.33639240506443,7.039623511412412,9.963519457480583,-1.0232557526626234,-2.0347594145807237,12.125928385547155,-1.126262222258392
58,58.0,6.1,15.96,-21.85015822785013,30.451424050631136,155.28006329113654,-7.840348101262272,10.943829113917552,-71.11439873418654,1.9206308632287619,1.787892815605136,0.12127673025810645,-3.49339984042568,-3.3216254666385887,-2.2098292199979452
59,59.0,5.5,15.9,62.6001582278504,21.043196202526886,-163.8507911392476,18.771202531642913,-49.0713607594955,11.274683544316684,11.831181103456956,10.973302710237848,1.2711885206944333,13.542455133632096,20.552056293638216,3.974702476412986
60,60.0,5.5,15.9,-28.15110759493711,-38.118670886072856,98.05617088608405,-10.424841772149442,1.9905063291102163,133.07594936708657,4.411274474227779,5.614955108708202,2.439225185103515,-3.604378346835382,-1.6690391968409257,1.862403494035667
61,61.0,5.5,15.9,-43.73670886075889,39.01993670886553,67.35727848100927,26.74857594936785,7.09430379746677,-208.91867088607574,7.216752961599999,9.640688313178632,1.1699509224890898,-2.431131992714529,17.790121119807967,1.4065435287313726
62,62.0,4.1,15.99,52.533386075948286,14.764082278478831,-144.51914556961748,5.999525316452975,39.80506329115286,147.58844936709227,7.47651051372145,10.241838043643565,-0.7874143109835045,-1.3307486012092449,12.874379063712205,0.05558617766468271
63,63.0,4.1,15.99,-33.18718354430508,18.70237341771998,159.59999999999854,-7.463924050632281,27.097468354431825,-40.86724683544875,0.36060745248830295,0.9539063017135483,-0.013157495410715286,-2.580977207483871,-5.051920922039159,-1.9135553776668721
64,64.0,4.1,15.99,51.91962025316575,18.917721518985296,-150.27420886076334,20.138607594936868,-47.48322784810147,-40.39003164556355,11.357705117593833,11.559501842786782,1.471846383485462,12.745784536743612,20.700617259315415,3.7627529140616733
65,65.0,4.0,15.58,-36.738132911395155,-63.564082278475105,64.09018987343262,-9.78560126582412,6.402689873423023,143.01344936708634,5.761189887351676,8.209744051706075,3.404592804182402,-3.6748908913016063,1.8554976262780718,0.9852371333268859
66,66.0,4.0,15.58,-39.53212025316434,-14.681170886074904,77.22310126582167,7.1672468354428895,16.344778481012394,-226.84367088607598,7.218158366266377,10.273338493061225,1.8505060166015044,-6.215353674610531,15.623035586558101,0.1785348548537039
67,67.0,6.0,14.86,61.27563291139118,13.891297468358255,-159.3525316455647,5.850316455691859,18.372626582292412,138.10553797468586,7.104126739374423,9.758451531771414,-0.5048068174766798,-0.8897907715909728,13.265711569939869,0.2221023995097794
68,68.0,6.0,14.86,-17.959493670886047,18.740189873417656,158.9871835443038,-12.823734177215158,-23.04430379746857,17.918829113924296,0.46506778898025075,0.8313695534784817,0.43652353558481877,-0.7699436771139274,-5.929886909541267,-0.040708273093663094
69,69.0,6.0,14.86,-12.953164556955887,3.9213607594802156,17.054746835433832,17.245094936708426,-19.146044303811358,-188.73512658227065,11.13972200762364,12.458427744709251,2.986654533754267,7.481671741202152,19.287119400597014,0.7651943785867448
70,70.0,5.6,15.11,29.034810126574843,-0.6661392405053679,-106.99920886075046,4.712025316457362,54.189082278483895,169.53876582278713,10.392240574056371,9.318923337933589,1.8928135432810813,-4.228208400881081,9.747450605589185,-2.7169137622787654
71,71.0,5.6,15.11,-34.59699367088756,39.54430379746945,152.07642405063078,-4.966297468354525,51.23686708861131,-90.94287974684366,2.3479950373674017,3.180164217638876,0.13690579939247735,-4.990858512399377,-0.6283370414231899,-2.297012771540441
72,72.0,5.6,15.11,62.7031645569647,-6.113449367099983,-182.9906645569691,2.1848101265764788,-24.25348101265148,53.180379746860254,10.477364480827807,10.811317706885863,0.6343463579280414,9.61657835381494,19.245563038480416,3.458070874847159
73,73.0,5.9,14.7,-28.54430379746635,-21.4555379746784,117.2800632911462,1.825474683543383,-16.06455696202506,129.4370253164529,4.370856974513385,4.108942853161841,2.0535869908857323,-2.793169080984072,-2.583254932288379,2.486863557069468
74,74.0,5.9,14.7,-25.041613924044132,78.54667721520767,68.16360759493453,16.50822784810326,14.431803797459766,-214.63939873417132,10.072074852397375,11.00698396,1.8927408499362894,3.717416498018858,20.026289561742534,1.7262246280901945
75,75.0,5.9,14.7,44.34731012658066,4.053006329112445,-135.49446202531414,-11.660601265823981,82.63844936709174,153.44857594936923,6.882605886622947,10.930898259098743,0.14853673456238692,-3.0110794976104107,12.244709310967021,-1.3405864338734803
76,76.0,5.2,14.85,-23.87895569620801,34.17927215188981,154.154272151896,-10.889556962024455,21.43892405063921,-52.10901898735179,0.5745924284945187,1.3005324008834154,0.13285920319819636,-1.5744166930130477,-4.1739064723072845,-2.137329724107426
77,77.0,5.2,14.85,46.09256329113999,26.791297468354525,-132.15268987341997,14.353164556962726,-56.225632911392424,-58.334177215187,11.926651696307772,11.082100416303762,0.8532260191513791,12.302233977827054,19.84218155045263,3.4708164413042626
78,78.0,5.3,14.46,-21.690189873422362,-77.33955696202594,4.547468354444883,-13.046835443044646,3.725158227855788,149.06613924050362,7.144810781353155,6.840346822173963,2.760117840211144,-3.3062387086542735,4.61106001688031,0.5382457560892174
79,79.0,5.3,14.46,-40.03750000000192,9.387499999985009,96.97499999999765,9.624999999998224,33.99999999999574,-217.7500000000103,5.683432239520445,9.433463818240565,1.6654045296000544,-7.622575674559216,11.150553316002068,-1.8625731118393687
80,80.0,5.3,14.46,65.32594936708837,15.400316455702516,-168.77848101265414,17.049841772148742,-0.46835443036226465,138.61471518987284,5.6305841778433345,8.825214371099099,-1.0288531402129184,-1.1388624020253473,14.164419391827638,0.3626186350276373
81,81.0,5.8,14.17,-23.99224683544705,15.427373417713614,167.7017405063263,-10.081329113917839,20.081803797469483,-29.44351265824648,0.20249942752653707,0.8717385909632684,-0.07388066944217901,-2.321704277661576,-6.066186931059513,-1.2072183772619065
82,82.0,5.8,14.17,37.69525316456244,24.677531645575456,-117.75506329114833,15.38433544303905,-46.264082278481766,-72.04113924049491,11.725388055643373,11.368342577051168,0.9746481360992204,11.195647420897798,20.569963087576753,3.004125167623246
83,83.0,7.0,14.13,-20.173575949372584,-79.57705696202837,21.66297468356253,-17.472943037980233,3.798259493682858,143.87721518987107,6.166964138082091,7.681675363891641,3.2027960789903336,-3.1254503601117674,1.965846123699603,0.8998466842899369
84,84.0,7.0,14.13,-54.052056962026036,-24.45838607594793,92.56724683544094,12.589082278480964,27.408386075949885,-223.53876582278556,6.764091503467489,11.15479376111379,1.4782676289438428,-6.734626467703936,15.229546511101486,-0.45508456962610555
85,85.0,7.0,14.13,63.184335443036915,19.69382911392617,-163.26028481012185,13.428006329107102,25.30775316457904,136.84414556962358,5.956129207017678,9.574076978218237,-1.3592443923751423,-0.6193472977823208,13.330505571280659,-0.20281443202044375
86,86.0,7.7,14.81,-21.743987341772623,26.759968354428896,166.13607594936693,-20.82215189873517,16.094462025319203,-3.766455696206849,0.5640276623819864,0.4247714448405967,0.2855152272992069,-1.2254401756942597,-6.2705763855512835,-0.7964282857398035
87,87.0,7.7,14.81,18.483544303802745,-23.186550632901245,-65.51867088609436,7.585917721520191,-36.88132911392376,-109.50474683542583,12.218660862410303,12.293535007563941,3.0127999067701237,5.494429543013908,19.882817130201545,3.4050289642520255
88,88.0,7.7,14.81,12.886234177214092,-39.784810126584034,-63.08465189873206,9.798259493670976,23.99240506328953,168.0848101265819,8.403035655556327,6.093325779789196,1.4242322426348761,-4.585496190622839,7.924471135556326,-1.186936934059722
89,89.0,5.4,15.19,-49.47009493670941,28.37405063290986,118.33607594936284,6.773892405066061,34.41471518987569,-148.01281645570714,3.7618079005797096,5.249283353199813,-0.04516679824216924,-7.305196531119214,2.366580302524544,-3.8898693430201026
90,90.0,5.4,15.19,70.52610759494117,-22.542721518981626,-182.97705696203124,2.5079113924062484,-10.913765822770243,94.61708860762128,8.214953741416535,10.318820295796431,0.10068028256251638,6.532345120210246,16.927856894782813,3.2349749996238644
91,91.0,5.4,15.19,-11.805696202528235,3.4575949367185537,148.50474683545116,-13.010126582279355,-24.933069620262025,114.36534810125755,3.827522684287155,2.287199169990306,-0.4574107566605907,-2.100280349368687,-6.093931557663982,2.790309809421619
92,92.0,4.5,15.18,-31.95506329112678,13.981012658183651,16.40981012656632,16.775632911393878,17.89335443036913,-200.59968354429336,10.580589030459118,11.116968990698266,2.2072849529299585,9.862548401537689,20.683461629939284,-0.1843745535525998
93,93.0,4.5,15.18,32.56772151898174,-6.169462025315208,-107.14857594936159,3.0101265822817522,42.92072784809543,181.75363924050646,10.606419398982204,9.823633230950483,2.951858652704954,-4.352053629322779,10.145107432815829,-3.1263711424792144
94,94.0,6.0,14.6,-37.726424050634556,26.23560126582618,137.98148734176755,-1.699208860758114,26.649367088611523,-127.99889240507645,3.6813848301048964,3.8090343435917067,0.17548173437170245,-7.501783566601708,0.9076248721855389,-3.2624773150787245
95,95.0,6.0,14.6,63.06487341772162,-8.399525316462213,-174.50870253164868,7.814082278477677,-46.83781645568982,43.79984177216224,10.182883741002385,10.610562919635267,0.2278936359796676,8.095009722480077,18.790623855544084,3.354313240688485
96,96.0,6.0,14.6,-45.99651898734142,-57.90300632910556,71.67136075950808,4.326898734180302,-9.275316455702018,133.39098101265506,5.572550657569586,6.315767414907484,2.786238982112261,-3.809300885854936,1.1534495332162422,2.0093167438971333
97,97.0,7.9,14.6,-53.0140822784799,-13.03481012658048,92.03591772151727,13.135917721518682,32.21819620253161,-215.9068037974684,6.873882685245679,10.145058970586295,1.8291341732274078,-6.6269918551552145,14.203504180221051,0.37783577520824174
98,98.0,7.9,14.6,76.48306962025252,15.880221518989913,-175.1685126582185,13.996202531643698,-18.562341772144123,130.6705696202525,6.422990098503613,9.280565482989957,0.0785815057395588,-1.0008904335760365,14.357153680034537,0.39472486231894255
99,99.0,7.9,14.6,-20.43655063291323,10.958227848091376,165.23386075949466,-17.656645569619485,9.370727848109546,8.869145569601315,0.4256195338638783,0.8231309743999999,0.44027935839999993,-1.2033898611021594,-6.65466378841273,-0.29179108606810644
100,100.0,7.1,14.86,7.2666139240543774,-31.242088607592965,-32.38686708862454,17.31487341772091,-56.34335443038385,-147.20253164555777,12.142211694785157,11.825995644860589,3.8029523337415783,4.786856755745914,19.187044895909114,2.8630273853477495
101,101.0,7.1,14.86,23.45712025315779,-7.964715189883192,-77.52468354429006,-0.4719936708824535,41.009177215167114,170.57136075949498,9.528062090952483,8.40594338934795,1.9142580799999998,-3.6481882026407195,9.522028543333022,-2.255892569492302
102,102.0,6.7,15.05,-40.37262658227998,41.058386075949706,126.50917721518522,8.158386075953084,20.118829113924562,-143.0438291139347,3.840825566388018,5.017682356634526,0.20046401387103907,-6.972697171958062,1.8627427296456558,-3.524342974199716
103,103.0,6.7,15.05,64.747468354432,-11.605854430378667,-185.10379746835912,3.521677215189333,-13.765664556956441,64.99462025318874,10.138831574046913,10.921641973192624,0.14482937397681,8.19198264445589,18.874511975454556,3.1202406704
104,104.0,6.7,15.05,-29.392246835439693,-37.12674050632183,113.43829113925096,-2.125316455694878,-19.33417721519552,134.42499999999725,5.50354044222967,4.530467328600579,2.323424686820764,-2.9692081309991036,-2.671165417278946,2.4154544613510405
105,105.0,6.8,15.2,-35.58702531645115,72.32832278481338,75.55063291138485,18.697784810128496,16.249999999995914,-221.68196202531104,9.117805083960308,11.326955832739525,1.3413133673215742,4.832653562980763,21.61221603435023,0.4238022002418975
106,106.0,6.8,15.2,52.247151898732774,0.7789556962025856,-137.58908227847635,-11.722784810125017,63.46882911391817,170.32436708860988,8.573016926837873,10.074401039430645,1.3586143833866224,-3.442587192403335,10.831453763398331,-1.8934435522696313
107,107.0,6.8,15.2,-29.54667721519392,39.023101265829666,149.58623417720912,-1.077056962020527,14.222310126589361,-110.08765822786619,2.640852292492689,2.3874190613695165,-0.08715932042691821,-5.835264405714078,-1.132053458727099,-2.4099297671461635
108,108.0,6.2,15.4,55.48734177215247,-7.231170886079257,-172.184810126586,6.701582278479808,-28.946044303793684,13.158227848109199,10.00497889513705,10.927118205168524,-0.4576288366947069,8.330124230711295,18.509518691163372,3.5909543091605145
109,109.0,6.2,15.4,-27.564873417719134,-47.87183544302546,76.66186708862863,-14.052215189868054,-2.8912974683647397,136.14699367088124,5.271212512215924,6.854134326571056,3.558581539604607,-3.566844349797897,-0.28934374346039016,1.479891113644867
110,110.0,6.2,15.4,-50.84018987341192,-0.5189873417515116,79.02452531644342,12.527689873417872,29.96439873417277,-220.05696202531405,7.802540165195259,10.454756850591979,1.4428417389059254,-4.373473934924887,16.89974880145907,1.1231121773172286
111,111.0,7.0,15.36,61.590506329109424,17.25632911391888,-154.0254746835378,3.2373417721418143,25.309810126606948,137.05569620253516,6.275446839653568,9.915057227607427,-1.3303124411409577,-0.8337199716277615,12.864686617737632,-0.328501225197263
112,112.0,7.0,15.36,-14.078481012661712,32.04256329112939,162.39446202531283,-22.54651898733829,14.760284810127253,-40.05379746837219,0.6010043437755592,0.8694366350446354,-0.3282831451625932,-1.7785638363549432,-5.946897152226352,-1.9764108898129658
113,113.0,7.0,15.36,41.13924050633613,34.995886075957344,-119.24335443039264,18.891930379748633,-23.345253164562706,-52.72294303795789,13.021122695768986,11.2778151316474,2.2028264277811447,11.32487195685604,20.492253901974447,4.524676092131276
114,114.0,6.3,15.53,-23.022943037981726,-85.94541139240829,1.679588607614889,-13.84556962025692,2.457594936711032,151.45981012657793,7.359280379658503,8.381663812183625,3.355330947516866,-3.845792944950035,3.6955600323414965,0.6248962231027757
115,115.0,6.3,15.53,-59.401107594939624,-35.01898734178151,100.19145569620116,17.01503164556897,31.058544303798836,-218.2072784810172,5.632643822613026,10.794719393154756,1.2883683811850635,-7.973854147797655,11.181326831970997,-1.650865860637341
116,116.0,6.3,15.53,71.39984177215028,18.007278481019156,-171.0408227848042,22.68797468354516,-39.47879746834934,128.81993670886092,6.133597892814339,8.83156292321229,-0.20281443202048455,0.4143036031877092,13.951597509338796,0.3555916116957783
117,117.0,6.2,15.49,-18.71977848101204,31.03022151898796,165.90063291139322,-13.72927215189924,-6.91107594936248,33.91993670885424,0.040369037484350334,0.5072056978548412,1.2924876707240935,-0.8269837216747129,-7.915093694075906,-0.0379943882210651
118,118.0,6.2,15.49,10.362658227853656,-39.39208860759349,-28.748417721544705,4.73132911392412,-45.00791139241192,-160.53291139239025,11.540965039860998,11.685164404849068,2.4634078378112525,6.423741263065057,19.433693414849746,2.2377919266357873
119,119.0,6.2,15.49,15.253164556958733,-4.4988924050709445,-75.20806962023177,-6.548892405064443,56.43212025315065,174.14905063291238,8.544763446820774,8.038405837988407,1.8491006119352653,-4.28093530698261,8.722256363731725,-1.4069069954542697
120,120.0,6.4,15.51,-44.00474683544662,11.674841772153538,124.67009493670213,9.549841772158334,31.852848101265096,-157.14477848102837,3.105096223565003,5.554740788091984,0.040587117519377824,-7.694348237003024,2.282934493763448,-3.691125738308749
121,121.0,6.4,15.51,70.7392405063323,-11.58275316455785,-195.31186708861122,7.33496835443319,-20.16946202531749,92.45221518989871,9.05291415815766,10.273193106371224,0.18771844741466084,4.532430048909522,16.8186714908791,2.713157939463348
122,122.0,6.4,15.51,-16.607753164552047,-4.470253164543699,127.64556962026612,-9.409968354429429,-26.479746835443777,122.56645569619619,3.382905956313519,2.7180041624497426,0.27393275435892717,-3.3710811722244376,-3.387752179302682,1.890051196178163
123,123.0,6.9,15.62,-28.887816455689833,50.48306962028527,78.16550632910788,-0.724525316457469,25.07262658227697,-228.93306962024897,8.396129787800358,11.051399593679127,1.9787370768464614,-1.6574324927822333,18.12366241691179,1.9387315060860255
124,124.0,6.9,15.62,56.20696202531254,3.9082278480963195,-148.25996835442535,-6.859968354436001,72.0778481012857,142.82151898734907,6.253057289452145,10.920406186331359,-1.6868490663181264,-0.7480387492119036,13.013707974598004,-0.8654385010798793
125,125.0,6.9,15.62,-15.67246835443296,34.454113924041344,163.01503164556703,-25.57199367088659,32.523734177223275,-5.436708860774171,0.23443603701308846,0.4304657568509666,-0.2182011900042642,-1.5436431770435295,-5.930323069609915,-1.1710897848913235
126,126.0,6.1,15.72,9.220253164560042,-45.25569620253792,-24.73987341773317,2.9563291139248298,-57.651740506334534,-158.22072784809143,12.183089585683252,13.068857992194332,3.302095188,7.154163991717475,19.03630312988768,1.7253765390687235
127,127.0,6.1,15.72,19.777531645559378,7.708069620246571,-87.9878164556796,4.261708860751969,73.64841772153459,170.12468354430814,9.40545264937384,9.011430489386509,1.2992481517921406,-3.3509451157128445,10.176026335474955,-2.8344589008365983
128,128.0,6.0,15.82,-31.63322784810378,19.021993670886136,144.36329113923782,-11.402689873415968,13.745411392405881,-68.76487341772962,2.357832870031719,2.085305520338326,-0.513408863279296,-3.5852599971506613,-2.4015700324916276,-2.759293982303084
129,129.0,6.0,15.82,34.938291139250964,37.41772151900128,-113.027056962047,15.186075949370295,-37.28639240504865,-88.71661392402791,11.461923142936493,11.408396610041422,1.063406710112042,11.917710414898549,19.754949536680474,3.929317598136495
130,130.0,6.0,15.82,-11.683544303813225,-53.01582278483414,-27.67800632909255,3.319620253158828,5.883702531631798,167.08148734176268,7.334152713466751,5.841516033367021,1.8198778873220756,-4.1860462608912234,5.832913987562228,-0.1531406463986671
131,131.0,6.3,15.83,-48.064398734178866,22.80838607594579,112.98924050631976,11.962025316458908,36.56376582278591,-165.98449367090882,3.9663185106455967,6.117459970267551,0.2686261401889023,-7.647945651899155,4.513675165952473,-3.674745504611097
132,132.0,6.3,15.83,70.79003164557004,-2.6667721518987073,-186.39240506329202,4.893829113924563,-7.081012658228442,80.73275316456137,8.506284436301618,9.743912862809028,0.3220072863939819,6.723819390442126,16.992844745044906,2.4700956255329847
133,133.0,6.3,15.83,-38.32199367088365,-67.22674050631908,74.43101265824549,-9.501265822784486,-10.822943037982672,135.4118670886035,4.972079398322682,7.243189107994899,3.4476999576541627,-4.695699301355093,0.3010716030874919,1.8577268888532448
134,134.0,5.8,15.91,-50.22531645569186,-1.7387658227823548,87.0476265822663,11.772310126581901,48.94287974682874,-217.65854430379954,7.326665298953359,10.45679226424664,1.6368602762045135,-6.7555621510076245,13.860633903867601,0.20271750756088233
135,135.0,5.8,15.91,70.88765822784632,16.49762658228761,-163.51740506328284,19.01107594936553,-2.3283227848079004,141.21360759494183,7.760378025205335,9.563294132071112,-0.03840631717421766,-0.7500741628657772,13.600803658399101,0.7419567393617752
136,136.0,5.8,15.91,-31.770411392404995,23.20601265822791,165.55126582278484,-9.66677215189853,12.509493670885425,26.488291139241014,0.2481993102966858,0.09084244989771598,0.3420706495615317,-0.9980796242430362,-6.9792153418754586,-0.19157119468961023
137,137.0,6.8,15.96,8.631012658233239,-36.10142405063681,-24.831012658239274,3.681012658227198,-53.9257911392467,-162.03022151897747,10.647588063258826,12.723782684380888,2.654567103546323,5.751085512422771,19.855339045863232,1.602161319615453
138,138.0,6.8,15.96,9.017879746827495,-2.9808544303976117,-67.01012658226132,4.158860759492648,23.98908227846551,174.5232594936674,10.518460451759289,7.9863574031040026,1.8465321137504525,-3.7560893574538516,8.698437177749017,-2.5032922529962987
139,139.0,6.8,15.96,-46.29034810127238,23.692088607596606,124.88813291137608,7.46503164557963,37.50664556963241,-135.27357594939676,3.2535118025526284,4.3649930447006495,-0.28767179652855285,-6.698619030910125,0.406719264215122,-3.126952689238417
140,140.0,6.5,15.97,62.42800632912379,5.580696202524201,-166.12104430381302,15.235759493662764,-55.555379746823746,6.780063291176754,9.703834598702967,10.52526939505799,0.1227305971538529,9.090060457355051,18.832543684383445,3.0641456393218887
141,141.0,6.5,15.97,-28.728481012659824,-74.52594936708694,25.00363924051357,-11.085601265824337,11.652848101267935,143.57547468354346,6.678797978890302,7.686594280223112,3.322764329041329,-4.2852726765571,2.472034114727915,0.7192521846664048
142,142.0,6.5,15.97,-54.37373417721764,-18.325000000009947,103.16914556961855,16.122943037975563,35.62294303797557,-201.79272151899772,5.74720853403386,10.19272157366772,1.3148287586959275,-8.431604140067721,9.7679501288276,-2.152983024356108
143,143.0,5.8,15.87,71.96645569619726,-15.230537974681063,-187.81566455695943,14.836234177216225,-38.23718354430814,122.20727848102715,6.717204296063811,8.810530315446803,0.01352096213427173,1.8635181253195696,14.910568114073273,0.6686576166780057
144,144.0,5.8,15.87,-5.7083860759519,14.491772151910052,144.45142405064502,-15.022151898734968,-33.241772151910055,90.74889240504137,2.9310925872033113,2.454151551905428,0.764225133989697,-1.5012871881332104,-5.501626184151242,1.9510409124735966
145,145.0,5.8,15.87,-19.244462025316274,66.08939873417779,48.77056962025217,18.409810126582432,16.019778481011862,-203.41376582278394,9.81517657183802,10.155744892273425,1.7330093402734257,5.453939349954783,19.818386595584954,0.8849203174884711
146,146.0,5.7,15.95,37.77484177214661,8.146993670882582,-127.13101265821992,-0.2487341772139151,67.76123417721018,166.01202531645848,9.30198578859424,9.71466590708031,1.401576150169027,-3.36218835304358,11.604571716569026,-2.120028708042698
147,147.0,5.7,15.95,-18.171202531652934,16.17879746835399,158.61803797467627,-10.828639240502733,5.032120253161137,-41.03085443040649,1.1367542950259033,1.3263870005208822,-0.0431798468172689,-2.7273089105878463,-4.10882169758625,-1.7123644303474892
148,148.0,5.7,15.95,25.204905063302675,-5.024050632864741,-86.50585443041768,12.25854430380221,-62.437816455698254,-114.19762658224285,11.977173570950237,11.401805746778773,1.3218557820261836,7.653906506176167,20.05905002913632,3.3500485644603746
149,149.0,5.7,15.99,5.5406645569551145,-34.32705696204331,-47.82974683542464,-17.492405063285243,16.48227848098552,165.67167721518427,9.37400066218435,7.613464775343283,2.539663156516689,-4.961199627716689,8.303542697624243,-0.9411849663710541
150,150.0,5.7,15.99,-43.75158227848167,23.217563291141854,132.28085443037648,3.541930379750676,29.590981012657693,-107.9406645569708,4.073735043159879,3.8265776708053956,0.3891517058838913,-5.4430353482333595,-0.4546968717867006,-2.8529714726484046
151,151.0,5.7,15.99,44.43085443039068,26.786867088609178,-120.71629746837336,17.978164556965478,-52.27231012658616,-59.24825949364398,10.945000767991106,10.951809711289135,0.7983425438195044,10.517273127130876,19.244181864929256,3.4152302636390086
152,152.0,3.9,15.26,0.29857594936247933,-29.522626582291522,-43.79984177213559,0.9762658227819996,31.972626582264876,170.94825949366032,8.087110379010664,5.505842398147552,1.7184706713108757,-4.698073950618338,7.826601662324952,-1.453454967247764
153,153.0,3.9,15.26,-58.3120253164583,13.027848101256826,109.37246835442214,14.20015822785609,32.000791139247234,-151.916139240524,3.5714967238670887,5.361182641978266,0.03867285944024945,-7.136475277814696,4.875324556383373,-3.6742366511974462
154,154.0,3.9,15.26,71.38876582278485,-7.126898734178505,-179.85680379746947,3.174841772151584,-11.184810126579414,66.51598101266391,8.430877206618556,10.23740374961003,-0.2949411310095287,6.7284959956250745,17.403877147716297,2.8365185456060176
155,155.0,6.5,15.55,-12.50316455695944,-37.151898734168554,87.97784810128393,-8.831487341769959,-39.19066455696388,125.11550632910836,4.556540008273262,4.766623774773564,2.0390483219234135,-3.265385048870619,-0.8715932042746228,1.929039060111556
156,156.0,6.5,15.55,-59.49952531645937,-31.931170886074014,89.6395569620145,13.926424050629528,31.60395569619992,-214.5425632911408,7.434566453766535,9.555200939681788,2.202123725448323,-5.658304573329389,15.264148543232674,1.1923162415761996
157,157.0,6.5,15.55,69.48322784809756,-12.209335443024397,-177.9784810126504,12.17136075950135,-37.73370253166395,117.43813291140378,6.0756855281152955,8.83982573340538,1.2955650223206765,1.3573301342914696,14.251166783300846,0.8324599536504228
158,158.0,6.8,15.66,-30.787499999990516,-45.04999999997368,87.53750000003208,-14.037499999994244,-14.350000000010231,132.23749999998594,4.9655854595198035,4.6995035863973875,2.161197372319233,-4.199882227519314,0.2545963246374864,1.738146336640016
159,159.0,6.8,15.66,-59.3427215189892,-14.63196202532107,93.09082278480928,20.072784810123952,42.6661392405118,-216.40791139240943,5.6510837010799335,8.993935624403333,1.4766199131284048,-7.493181520797775,11.383123557163756,-0.02939234241756461
160,160.0,6.8,15.66,71.09810126582327,-17.386867088607758,-189.77689873417674,12.553797468359853,-16.466772151913627,116.06012658229507,6.772112002510549,8.76875587329583,1.2504466863087491,3.836875894650537,14.698109698307768,1.4299992479888817
161,161.0,6.3,15.67,-14.042721518976414,-25.479746835413046,97.04541139243821,-9.266613924046384,-27.45253164558176,128.98053797466935,5.025242464494586,3.968426617642065,2.0645879170670813,-3.652477109983322,-0.39603334252856337,1.9762655031233352
162,162.0,6.3,15.67,-55.91677215189989,-27.036867088607686,87.89256329113853,13.38449367088474,37.32895569620725,-219.7618670886147,6.2044981351200095,10.170138174546135,1.665452991830405,-7.2402571430879945,12.84937255310083,0.18340530895680845
163,163.0,6.1,15.9,66.7965189873407,-19.098259493671332,-203.00791139240482,21.62800632911422,-17.484335443040028,141.82072784810413,8.518303069310443,8.745445540727292,-0.6818635743192145,3.305632930779691,16.42140236149221,0.37708461064512383
164,164.0,6.1,15.9,-12.205379746833357,3.707753164567591,147.10759493671864,-13.390031645572881,-19.85537974684366,83.7753164556773,2.3083529333301236,2.2204909105706556,0.12476601080935355,-2.1115478178137543,-5.429344768294818,2.582285687689867
165,165.0,6.1,15.9,-26.46835443037203,65.6313291139139,62.38132911390556,11.321993670887556,23.259493670879205,-212.49683544302636,9.572623111323217,10.921205813124745,2.025721208709184,2.4421329189092136,19.994183334453577,0.6725345950655546
166,166.0,6.1,15.9,56.37753164555778,28.570411392389715,-154.266930379729,5.459018987327742,48.10300632921316,147.32278481014706,6.435396429352251,10.005608904125816,-0.8950973857603466,-1.866983174760182,11.749376859430482,-1.124711430903263
167,167.0,5.7,15.91,-15.228639240506464,29.56360759493607,166.1636075949368,-19.00047468354454,5.619145569622106,8.505854430377894,-0.274611225577716,0.23266716562228396,-0.1890026965064048,-1.0757161165002778,-6.481871707799444,-1.1732948163504169
168,168.0,5.7,15.91,9.040031645575013,-33.770094936709405,-29.659651898749118,9.354905063290595,-53.178006329118126,-149.71376582277384,10.938337211384235,11.700405776143842,1.9974192664630572,5.735189901024628,19.55029353992512,2.08772863183252
169,169.0,5.7,15.91,10.897626582270206,-3.9854430379812493,-88.59034810125017,-1.0025316455746567,64.18797468352749,173.65268987341952,10.483325335102839,8.18992299968737,2.6770535782072504,-4.070269993723021,9.76499393280314,-1.8017287822331114
170,170.0,6.4,15.83,-30.48180379747905,12.777689873406375,143.6368670885939,-11.359177215197828,25.573575949385216,-73.65664556965585,1.7803811699761214,1.3776600397272811,-0.2893195123449428,-3.235096155201578,-2.6758420224592014,-2.216177772111692
171,171.0,6.4,15.83,26.736392405074195,1.845094936728504,-87.79984177218104,20.90854430379822,-57.478955696194355,-95.14683544301184,11.503988358466604,10.864698853091673,2.2778459596248846,8.224040409521505,19.438006553308323,3.892655921237511
172,172.0,6.1,15.62,3.547151898731175,-19.19398734177795,-54.240348101258164,-2.137974683542584,12.043829113917102,168.46360759493535,9.587767558156418,7.677071452052266,2.09548258861148,-4.464243691479607,8.685909691327113,-1.2067337549627641
173,173.0,6.1,15.62,-37.06424050633453,13.03386075948714,128.60870253163748,-5.273734177214448,16.95522151899187,-93.96091772153858,3.539753963300308,2.520520575717251,-0.28008745755309955,-3.5267660856938003,-0.7870266131433379,-2.897508261902272
174,174.0,6.1,15.62,28.909018987354386,9.160126582314259,-88.27768987345327,7.715031645569505,-46.026265822771165,-103.5123417721253,11.299235437252541,10.613082955588666,1.8992347887381866,8.021589444226647,19.426521004828842,3.6850679595742446
175,175.0,5.8,15.62,13.38924050632338,-11.190664556970816,-71.97310126581147,0.021360759494129605,49.95253164554646,173.29113924050586,10.135511911300844,7.594394887887776,2.2828133381869318,-3.9598488029574184,9.723340646226898,-2.383978243047808
176,176.0,5.8,15.62,-37.08655063291235,19.875632911392245,138.30522151898566,-0.9946202531623802,10.125158227846285,-73.02183544304305,1.9788824635362656,1.5801110050228397,-0.18296914888734755,-3.1463860434168214,-2.9989639401415102,-2.0023866450248455
177,177.0,5.8,15.62,20.481487341776887,-12.095886075931945,-65.17800632913234,8.926582278480252,-61.73607594936177,-117.46677215188237,11.043645636899383,11.112171229939735,2.3976445918717157,6.030009876460265,18.926051556925458,3.2081511553910156
178,178.0,4.8,15.57,31.52246835442108,41.767246835454614,-105.1884493670706,34.12420886076147,-23.76661392404816,162.4780063291142,10.528128666620288,10.01123052278934,0.9254832038904158,-2.945437407244506,11.233157186818513,-1.9821536640516126
179,179.0,4.8,15.57,-19.681487341780795,15.467088607578486,157.32420886076005,-18.0420886075895,-7.399525316449423,26.53670886072701,1.5101557762013176,1.3383329401844533,-0.1992039958945981,-1.2336302925438734,-4.975592909987879,-0.9575652000695651
180,180.0,4.8,15.57,-35.849683544299545,27.495253164579125,72.17325949365922,11.88132911392316,35.06566455695767,-207.61471518987193,7.311133154279117,9.489752698237625,2.164928964020147,-2.0212384524420397,16.06256378039586,1.577082115656302
181,181.0,7.0,15.31,67.75759493670745,-8.109335443037718,-180.67420886075774,13.411708860761117,-30.71091772151886,118.31787974683655,5.999575596099056,8.575488500561084,0.42985997897688805,1.4196283307962292,14.177043802709669,0.8115485014601418
182,182.0,7.0,15.31,-20.001740506323873,-55.20981012656289,64.920253164585,-22.429430379741262,-13.715348101280549,134.8454113923956,6.046317416811247,7.592722940956279,4.007826410531072,-4.327337892086477,1.1774383370035886,1.5712908791860392
183,183.0,5.3,15.57,-52.75379746836643,-9.605696202564294,92.14731012657337,16.61550632910836,32.23575949368696,-193.50474683547026,4.920879052462871,8.001962241126133,0.931710600431828,-7.674333336065226,8.098038611852267,-2.487033174872295
184,184.0,5.3,15.57,63.85759493671415,3.618354430375921,-174.68797468355146,3.5780063291121333,8.631012658243558,55.46930379749814,9.038738955920413,10.771142518320413,-0.3717295342436268,8.542025330831398,17.367482013080622,3.118568723468756
185,185.0,5.3,15.57,-20.954113924053843,-71.95886075949993,-13.523734177209118,-11.44778481012928,1.9469936708857791,156.16613924050432,7.099837832030416,6.182084353802779,2.8809584104003263,-3.9685720043342596,5.228347669893051,1.0144356268255106
186,186.0,4.6,15.57,-43.52515822785019,12.392246835447153,121.58987341771558,0.06091772152472119,21.814556962031183,-109.1023734177369,3.7411145284237763,3.2692377961465557,-0.318033383544562,-5.105205143786163,0.8322661047327196,-3.283970314027734
187,187.0,4.6,15.57,21.74889240507743,15.140031645603077,-79.99177215193068,13.99699367088791,-29.848892405043323,-111.96265822781929,11.333474002657594,11.311787154789075,1.7357716873751776,7.799608200290949,19.12297782801648,3.8643055167616676
188,188.0,4.6,15.57,33.385443037960286,-12.0,-108.018512658205,-4.909810126573374,60.489398734160744,149.11487341773903,6.775649745293015,9.81871431461812,0.2920333972205333,-3.0884494476041517,11.494150525801963,-1.3268716228203086
189,189.0,3.9,15.69,-11.87231012658207,32.19493670886616,153.45063291139584,-18.59572784809659,-13.707278481006945,38.795886075931186,1.5347503578611543,1.4283273010583017,0.2123130290748385,-1.7845246906280812,-5.034086821446044,0.08289464419786058
190,190.0,3.9,15.69,-39.93908227847564,-0.2666139240391008,73.59493670885672,7.82357594936621,33.92246835442836,-212.7080696202527,7.315494754967428,9.648587656648132,2.2187220391796676,-4.905831530084848,15.232648093813488,1.4201856464406646
191,191.0,5.5,14.85,64.91550632911475,11.476582278484516,-186.3351265822805,12.618670886083786,-0.8479430379890651,103.97990506330055,6.864626399339068,8.474711293538322,1.138135468577568,1.7607297357592617,13.766156786727478,1.2564802339274799
192,192.0,5.5,14.85,-16.350949367103997,-62.86756329116193,-15.590664556932973,-12.818670886081653,17.291455696189796,155.9582278480949,7.940584826989549,6.396045098695499,2.6939426653198826,-3.694396938826027,4.610526932349783,0.7314162043651663
193,193.0,4.9,14.91,-35.41772151899252,6.361550632913551,131.4636075949285,-6.842246835439067,15.755696202532336,-79.02104430381897,3.1759480036404457,2.2640584552269636,-0.2505981906756546,-3.656136008340822,-0.20412291222547352,-2.3212681175925067
194,194.0,4.9,14.91,-5.607753164551781,-17.149208860767157,5.282753164548939,9.602848101264383,-34.12594936709476,-172.27974683543684,10.517370051589074,10.925761262732472,1.7542600280730876,8.335188533733268,18.31775364755432,1.0182883741004956
195,195.0,5.6,14.71,58.24762658227802,19.568829113931315,-159.9462025316412,16.249208860759342,-24.674841772155492,120.13686708860989,7.22172034016206,9.650404990268846,0.5219382157367674,-0.5562252433723626,13.473105682682911,0.3961787292149908
196,196.0,5.6,14.71,-10.166139240495806,-22.38908227845716,102.24636075952267,-13.672310126574796,-34.89430379749326,113.41424050631765,5.8581385782139215,4.3600014350195515,1.6674641743682772,-3.382324409554888,-0.9337944763185994,1.6208435092306581
197,197.0,5.6,14.71,-45.27721518986539,-0.4286392404887014,97.74398734176019,16.373575949364255,15.435284810122175,-217.28212025316628,7.585356682017432,9.198325078894802,1.9047352518299696,-5.755907504293261,13.95188828272142,0.23950034003486423
198,198.0,6.3,14.61,66.87848101265344,-2.399208860769179,-184.46977848101125,22.529588607597223,-25.083544303811507,113.24398734178043,7.001435274272355,8.461238793634129,1.0814831218552898,4.174512250179299,15.037102996272584,0.6367694694213888
199,199.0,6.3,14.61,-31.999050632911636,-61.32231012657178,42.090031645586556,-13.458069620255896,11.238132911395441,146.79810126581847,5.988623132147392,7.132574068309371,3.339580722807293,-4.257697667759378,3.281765282567181,0.837160789948438
200,200.0,5.7,14.86,-43.15427215189924,19.897943037968815,100.02452531644943,12.81962025317073,33.07199367088365,-151.9414556962255,4.985915364952085,5.71612001357154,0.6135318301972205,-6.751515554815453,3.867770566198444,-3.1189079590788213
201,201.0,5.7,14.86,36.135443037988,18.313132911376258,-114.54683544307396,14.051424050635745,-27.384177215179534,-52.90348101260298,9.660993987494784,11.90452868836996,-0.13513692800295812,10.673466894011986,18.48584489187066,3.0167738096210126
202,202.0,6.3,14.71,16.444778481003713,-7.024050632916322,-85.04367088605834,-7.536234177214551,55.10759493669106,162.93386075949815,9.334722024873177,8.044027456653646,2.0545562354839633,-3.4221603625119514,9.996570698253645,-2.2966735359311947
203,203.0,6.3,14.71,-20.145727848103423,12.907278481009374,153.78481012658048,-24.02879746835133,22.96962025316451,-20.53591772153005,1.4229237624285196,1.0218503479963141,-0.26307721486785496,-1.5521240672712993,-4.504249262239456,-1.03210010961426
204,204.0,6.3,14.71,-11.44493670885495,-4.4751582278761255,25.91028481010548,10.530221518987426,-29.434651898762972,-187.28275316454645,9.786486931752924,10.517806211658204,1.963374549976604,5.811348295270754,18.343317473812263,0.876899818445656
205,205.0,6.1,14.72,63.9588607594914,26.34968354430317,-155.8734177215059,12.639240506317655,-8.738924050600929,128.76819620253303,6.18099395363009,9.70977122186383,-0.8045941714738611,-1.1809033864416438,12.214056950572036,-0.3234853844057767
206,206.0,6.1,14.72,-24.474841772143414,-2.1973101265694663,127.8473101266089,-4.211708860756499,-18.24382911394801,116.60632911389543,4.975786758907921,3.7637948520014,1.3984987985702406,-3.6507809319387303,-3.2948743157521223,1.5938258160769363
207,207.0,6.2,14.89,-55.32927215190693,-20.09715189876467,90.48591772151296,19.4375,28.094936708863035,-193.7354430379947,4.874864165197815,9.122118222419987,1.1494271681380175,-7.5367006032243555,9.290572933461362,-1.634219084674469
208,208.0,6.2,14.89,61.4329113924105,2.16424050633009,-163.50506329114558,7.159493670879385,-12.42231012656325,30.28655063293739,9.020783699752515,10.395390618997627,-0.3152952675566798,8.929480858669406,17.45965717430029,3.0347532969026614
209,209.0,6.6,14.77,-9.70522151900519,-77.99414556965088,-34.56329113922343,18.199208860741756,51.9802215190226,154.96329113924082,5.787844113782447,5.881691221931274,0.282777111312236,-3.334492188672185,7.151837804683561,-0.49138277980074285
210,210.0,6.6,14.77,-33.18670886076431,26.386075949382906,140.3520569620104,-4.612341772145722,23.418512658224532,-67.88132911396879,2.4122074919515355,1.6750969755757676,0.2062067881106311,-3.154770009185825,-1.586411094904691,-1.776504191585825
211,211.0,6.6,14.77,9.147468354434999,-43.81914556961573,-20.904588607624575,6.540348101268229,-84.07594936710208,-156.36044303795563,10.761813539070644,12.347497700528798,2.6646230162451072,5.830248564919087,18.00662613176738,0.7433379129146409
212,212.0,6.8,15.13,48.506645569616424,18.601265822780224,-135.35617088606904,1.2015822784784764,40.865664556974004,146.62151898734479,5.804151654134816,10.002483090298607,-0.801274508726477,-2.710250205671299,11.50820457246574,-0.9827655596033354
213,213.0,6.8,15.13,-12.14272151899027,23.96993670886312,154.59794303798054,-11.624367088608823,-33.198101265811545,50.65712025314888,1.1453805719423078,1.6770596958833708,0.6450322796150452,-1.7361593852150452,-5.594697896621945,0.5732597171717759
214,214.0,6.6,15.41,-34.20901898732774,31.62784810131412,66.7300632911209,5.492246835441824,34.06012658227376,-217.3256329113901,7.870314593674502,9.66860255758574,1.99402691037148,-2.8145893865836227,16.625694891524773,1.6346794758606042
215,215.0,6.6,15.41,70.2444620253168,-14.48338607592271,-176.84572784808532,12.018196202534451,-38.6534810126584,124.12737341772731,6.911562068972688,9.209883320720357,0.09510712612510508,0.8209501740525,14.4314462784296,0.4504564266727731
216,216.0,6.3,15.62,-12.366930379742861,-17.124525316448356,110.06107594937527,-13.555537974681595,-36.46724683545,116.73892405062774,5.048237792568809,3.499021459090123,2.0144537402632325,-3.260950754837193,-1.8939766367988642,1.8493429230844047
217,217.0,6.3,15.62,-56.518196202536764,-16.175000000018652,93.03085443037897,24.135759493667422,15.148575949370473,-198.083069620263,5.215941339046208,9.665355588184834,1.5793840715749243,-7.123996253622447,9.347273742411934,-1.2691288759240629
218,218.0,6.5,15.6,64.84636075950047,6.803955696201697,-183.07009493672007,10.08085443036759,32.681170886097995,40.95870253169645,9.2470053888004,10.401375704386579,-0.025151897303555576,8.271824168171458,17.48192556892619,2.613059203658688
219,219.0,6.5,15.6,-4.350949367097068,-52.4375,-15.850474683504393,-15.710443037979474,-13.518670886086806,158.26914556961643,7.77225127152246,7.9181225834442595,3.48528241692213,-4.3803313404533775,4.923786786251512,0.7497833894866555
220,220.0,6.5,15.6,-44.541930379754525,31.746835443033625,119.34256329112861,13.527689873417822,20.54430379747331,-127.57753164559229,3.9014518159600042,3.222374819859405,-0.03404471648606045,-5.652149870138196,2.0541927687624533,-3.778600063230302
221,221.0,6.9,15.79,45.81344936709547,24.80712025315883,-132.96629746837192,16.80965189873846,-55.066772151892316,-50.905537974659744,9.878468244052156,10.966639153630089,-0.04889838994282808,12.46046315836389,18.789121526418054,3.449081131206018
222,222.0,6.9,15.79,11.988924050621534,-10.028006329129852,-65.55221518985118,0.0857594936702655,22.247626582270208,169.2080696202568,9.644007975924143,7.952264224387878,1.9386345816258062,-3.2221082775945256,9.465715432219746,-1.9124407463796675
223,223.0,6.1,15.82,-20.86471518988493,19.68686708858644,150.06392405060944,-7.682594936701234,17.005221518977123,-38.74018987345931,1.9435534979605082,1.1181205676407497,0.09849948221728075,-1.7783942185506225,-3.881339990560482,-1.5568733657987675
224,224.0,6.1,15.82,11.31202531646381,-20.18655063292762,-0.9914556962164163,3.599525316450594,-76.44050632911761,-162.04984177212597,11.234247586991058,13.742095289596088,2.8606042738519473,4.962605032382118,18.476855148228488,1.003047002806152
225,225.0,6.1,15.82,38.840981012651476,-4.385284810127149,-131.68829113923337,10.026898734177262,-14.344145569618552,144.3892405063388,9.681663128536549,11.038969031716679,2.4137825144210123,-7.4423446416607515,10.08523234780695,-1.8597380713924772
226,226.0,5.2,16.0,-23.443987341776886,7.529905063285089,157.47420886075756,-17.920094936707983,19.83512658228655,-10.729272151921622,1.3656898689483716,0.7914609071781512,0.01657408261638657,-1.3367336865994746,-5.442308414784138,-1.0035073939890755
227,227.0,5.2,16.0,-6.08955696200827,-11.158544303832585,2.386075949337611,11.428164556962281,-30.828797468389162,-167.74746835440385,11.242413472724905,11.7284654072408,1.865747387897121,7.8688849578891125,18.808361031678345,1.031954722925656
228,228.0,5.6,15.9,53.89367088605891,12.399208860735715,-135.3987341771958,-7.01724683543916,77.73686708861788,142.83449367090498,5.981911113311722,10.645843422983368,-1.1778502659531094,-2.6076072028008466,11.867770087010664,-1.607904093855861
229,229.0,5.6,15.9,-12.828797468354749,40.08417721519274,159.11044303797766,-14.14651898735196,-21.30047468351395,26.38449367086591,0.6962083943614702,0.6426818614654839,0.388691314699113,-1.6691603524147023,-5.84708918980245,-0.5012933058115756
230,230.0,5.6,15.9,-17.732594936706917,57.587816455661304,43.678006329097876,7.543512658229862,21.94620253163233,-206.97310126581047,10.607655185844205,10.749164897074078,1.883969186329136,8.91426371849397,21.10808768809136,0.49613207832826545
231,231.0,4.7,16.02,61.17294303796704,23.657594936700878,-146.68101265821673,14.298734177200238,21.27262658232705,131.7539556962104,5.830200102692024,10.09305899793296,-1.6230970029195766,-0.7603723867155596,12.363538698615951,-0.8708662708264354
232,232.0,4.7,16.02,-12.90079113924066,-1.0688291139011157,145.81724683545605,-17.251898734182415,-41.63607594935715,73.58892405059453,2.508913871660531,2.257297974159432,0.4094331490858974,-1.9523978549099816,-5.549216093885897,0.6987284303134615
233,233.0,4.9,15.67,-40.659335443030535,17.022784810157766,77.42231012657315,8.815981012655216,31.1976265822729,-222.9743670886075,6.6986190309089775,10.478139876505988,2.295655829103594,-6.597599512734149,15.389084171844905,1.4705379032790413
234,234.0,4.9,15.67,68.0316455696166,9.703322784819402,-172.3254746835399,21.7523734177218,-11.48702531646008,120.5213607594962,6.4504197206120235,9.122215146878291,0.24531580761927493,0.557848728072326,14.038223745237355,0.49525975819155593
235,235.0,4.9,15.67,-16.813291139229293,-21.19857594933992,113.99683544305992,-8.811708860763071,-39.684335443044645,115.95569620251811,4.825263072920172,2.4409213631482714,0.8862530288101117,-3.2988239874831295,-1.421639513339433,2.221387461822459
236,236.0,5.1,15.64,-59.87895569620596,-42.33053797467751,95.68591772151761,15.414240506319787,21.674208860769642,-216.10854430380488,5.547980307024196,9.250688518273266,1.5524148406500844,-8.231794366299154,11.756525038341458,0.09951718904670168
237,237.0,5.1,15.64,67.87500000000621,-12.53750000002025,-187.9875000000057,13.462500000004619,3.462499999980638,111.3875000000325,7.299066059038612,9.161639170878857,0.9839286531208704,6.301737599356627,15.911313160956762,2.1363120172780414
238,238.0,5.4,15.39,-27.91186708860804,-67.92531645568721,34.27863924053887,-13.96645569620853,-11.489556962023872,143.52215189871862,5.263216244286949,6.868115679889459,3.394124962529518,-4.598508299343473,1.8012199288189772,1.9271490331466863
239,239.0,5.4,15.39,-50.24066455695482,11.106803797457022,98.04525316455178,22.99161392404958,25.68908227848061,-172.86946202533386,5.429659772787637,7.592189856430283,1.1432482338287493,-6.255044240876664,6.342445872455008,-2.5553891501094377
240,240.0,5.4,15.39,70.25791139240944,0.46677215188804944,-178.03797468355378,7.384493670883647,-1.7705696202319166,51.654272151945605,9.439957757041865,10.260302153224368,0.10286108290645926,9.132101441768935,17.606691579735404,3.1903897481414556
241,241.0,6.2,15.39,-6.850949367107549,-49.180696202568555,-7.634968354392659,-0.9941455696505264,-31.94113924047023,141.45395569617276,4.222223315490827,5.998460964813341,1.530631068324182,-3.8904751208924946,3.523979507473038,0.6479400134083386
242,242.0,6.2,15.39,-48.5691455696239,8.14477848101032,114.28291139239674,4.520727848104727,16.896993670884953,-129.07246835445432,4.5853265728186,3.736995238885139,0.2954257533080536,-5.036461470710546,2.25749182307977,-2.5436128282518697
243,243.0,8.4,15.47,22.059810126593625,16.292879746859114,-87.7821202531821,4.092246835447863,12.927848101265628,-88.49224683542725,11.521749765716113,10.805235697036881,1.5703216345877853,7.999805671896909,19.459111854417916,3.731373620218964
244,244.0,8.4,15.47,38.27436708859692,-5.422626582282286,-109.0761075949199,-6.134493670879206,49.18607594935769,153.1115506329246,7.859701365331021,9.700248393692549,0.9471942828778104,-2.480345387151991,11.401418048938824,-1.165419703996532
245,245.0,8.4,15.81,-5.473101265828777,30.93908227845485,157.87816455695588,-28.831487341781507,-0.518987341735321,14.856803797440147,0.3760669038185048,0.2888348900458158,-0.1767659834625525,-0.7673994100458157,-6.078617493022024,-1.0287319846396532
246,246.0,8.4,15.81,-24.67531645567978,25.594145569526006,36.57642405058849,12.810917721527385,-1.1083860760006887,-197.9827531645232,10.716816358632052,10.711025122162438,1.6032759509023926,7.460857213477292,19.411570406910517,0.04591796280406302
247,247.0,8.4,15.81,69.08702531644931,18.954272151892006,-149.1814873417616,-15.513607594948542,44.53702531651348,135.80996835444523,5.611175054778698,10.244842701895855,-2.013920655732569,-0.434051961862705,12.930934485973971,-0.7763164603431846
248,248.0,6.7,16.13,-24.66281645569683,24.613607594942465,151.2879746835488,-7.191930379748545,-21.81471518985651,51.88734177213382,1.497749445351782,1.6827297767788514,1.5554194989016312,-2.2990966474244106,-5.891916752435649,0.8611738248501507
249,249.0,6.7,16.13,-35.46993670885424,14.494145569655856,74.30791139238563,6.414398734177085,29.631645569614644,-221.80411392404176,8.416120457623915,10.64223298685766,1.6250354921153232,-2.973230496074753,17.011575396893534,0.9560628709418061
250,250.0,5.6,16.27,61.22389240505611,-2.7895569619981457,-177.09572784808708,19.529272151899416,-13.35601265822631,130.92958860759768,6.741459642116978,8.537227570075661,0.6842866858122656,0.12866722031245853,13.495761775148868,0.8360946208903802
251,251.0,5.6,16.27,-9.718196202525835,-15.562183544283805,104.674050632937,-11.895253164552727,-30.62072784812313,120.64272151897877,5.299611378922064,3.243286272047733,1.4011157589842154,-2.8625185319328774,-1.5552983433297665,2.0286289425004362
252,252.0,5.6,16.27,-46.79525316455711,-5.801424050641073,90.44398734177156,18.00775316455125,26.18291139241263,-209.4523734177273,5.869502971119213,9.485633408699018,1.3764484839798035,-6.663605069824628,11.045196428257167,-0.7083239518285552
253,253.0,6.3,16.11,72.11962025315687,-31.028164556959617,-190.32104430379368,13.298259493677193,-29.04778481012555,124.311867088628,6.809621768432609,8.486414922053214,0.12786759352103022,4.523609923069477,15.284526910890975,1.0979360488961263
254,254.0,6.3,16.11,-13.769145569602568,-17.41408227843478,103.67579113927867,-14.14319620252699,-23.20870253166093,128.7422468354269,5.148699995096305,4.003125574230146,1.343445705435308,-3.8764695364584165,-0.42428682254545486,2.0695068333987097
255,255.0,6.3,16.11,-52.66060126582806,-34.94382911395281,97.20332278479702,16.732594936703187,24.215189873421828,-208.17484177217165,5.415896499505474,9.17377895946443,1.5755070931851993,-8.376332966896891,9.694505619457717,-0.8657777366835748
256,256.0,5.8,16.13,69.44683544303949,-10.88908227848487,-190.0672468354454,10.910917721519747,-3.765189873420586,105.00759493672184,7.736413452532156,9.112377314213214,0.07552838525815123,6.383662998960349,16.307128423450216,2.1582896385268695
257,257.0,5.8,16.13,-5.890981012649522,-13.388924050613717,108.43401898736612,-13.143670886083964,-21.101107594926123,128.0852848101165,4.770864219889668,3.737431398952108,1.4125286141197941,-3.4949264006652077,-0.9337944763180552,1.4313077281966526
258,258.0,5.9,16.25,-41.51329113922893,13.381487341824847,73.51107594934827,6.965664556959795,29.75,-225.41471518986967,7.847198110025191,10.355360817121896,1.5456785906974437,-3.640046548017496,17.697049407337232,1.2817290556930696
259,259.0,5.9,16.25,57.19446202530189,5.638291139238528,-158.9596518987072,9.139556962040066,6.373575949339386,150.7077531645404,6.26197433974864,10.984061325268883,-0.8175093557365566,-3.415109108067675,11.825220249180664,-1.2023963853909372
260,260.0,5.9,16.25,-22.37104430380452,30.159810126579416,163.1724683544154,-14.850474683525354,12.470727848115148,-25.721518987399506,0.4935878112617043,0.7156659796574509,0.24364386069042981,-1.795889083536708,-5.409475254043612,-1.139952802197873
261,261.0,5.9,16.29,15.331329113937352,-45.286234177167195,-44.82278481020744,-15.839240506333287,-48.30284810122957,-143.1468354429798,10.897071622648326,10.789558165674828,0.2276755559438785,4.548374122543421,18.913548301618704,2.3828878428779463
262,262.0,5.9,16.29,24.544778481007143,-10.53955696202466,-104.51882911391046,-9.230854430380273,37.07800632910578,164.38829113924464,9.891238041624584,9.840280006911721,2.521925980383247,-4.1898747770514,10.702859236429045,-1.9400399862927384
263,263.0,5.4,16.24,-31.400316455695055,21.7276898734181,150.45268987341916,-6.312341772151939,13.900632911391178,-63.30617088607224,2.0137025757001146,1.7869235710075226,-0.18800922079398188,-2.900634075728471,-3.135530503925233,-1.8314845913761568
264,264.0,5.4,16.24,19.72009493671118,-10.396044303786756,-73.23781645570465,10.684335443038783,-61.80094936708623,-120.04667721518327,11.048249548737267,11.01049747166574,1.7301016064807853,5.946582147733571,19.429622587540276,3.4135825478238426
265,265.0,5.4,16.24,23.5680379746768,4.363924050619758,-86.0253164556844,-0.7903481012661601,51.52452531644409,171.16851265822737,9.657674324748488,7.102018632373836,1.5002694813061328,-3.5296253572554375,8.913415629467702,-3.119150270227311
266,266.0,5.8,16.03,-25.549841772155137,25.675000000008527,142.8224683544225,-5.041930379741439,-0.23322784809489794,-76.51867088610315,3.227293736190743,2.6737339154620425,-0.06956753098426627,-3.9980855023277826,-1.8778871764786942,-2.263937299652786
267,267.0,5.8,16.03,26.120727848123675,4.115031645582828,-87.35490506333358,13.99367088607224,-44.74193037974357,-105.96044303793684,11.909980689229732,10.788176992121178,2.3259204916589056,7.805350974531276,19.350047606088076,4.424771205247685
268,268.0,5.8,16.03,26.93481012656698,-7.042405063290951,-68.61281645566201,0.2920886075841711,31.348259493672398,165.0938291139267,8.534852920812035,8.024448715783551,1.2493320550196605,-3.5622162068451355,10.178328291392578,-1.779218076457172
269,269.0,4.7,16.28,-24.459177215210975,17.985917721506603,145.42389240504014,-10.519303797452759,14.015031645560446,-58.473417721579075,1.9868787314671426,1.7450279732820602,-0.12038017900497253,-2.5654450628106593,-3.6873214532607417,-2.082082782051154
270,270.0,4.7,16.28,9.287183544352905,-21.872626582263102,-35.357594936873184,13.875,-47.46835443040916,-153.6455696201946,11.359425526756494,11.83253804589305,3.346195817183322,6.192261422073593,19.19770658648242,1.7898313048032644
271,271.0,5.8,15.91,26.932594936702273,7.829272151896671,-102.41534810125218,-2.293512658231176,57.61424050632399,167.23101265823118,9.819247399147566,8.52358545236595,2.640779599147566,-3.589451980034593,10.61691147174838,-2.247023981425945
272,272.0,5.8,15.91,-29.18528481012644,15.905379746835132,148.99430379746875,-7.70949367088649,3.6458860759497087,-63.40743670885957,1.6648956761862959,2.2355626640607245,-0.18088527300250754,-3.593425882884012,-3.257606860976266,-2.1439690496
273,273.0,5.8,15.91,18.442405063295922,-4.875949367074865,-74.48971518988493,14.558069620255718,-45.801265822781644,-110.70522151897713,11.986502550201665,11.858828805599998,2.1726829208,8.970213362881305,20.103926053998887,3.9350603723766038
274,274.0,4.9,16.12,8.357911392394513,-7.500791139252739,-64.4726265822599,-12.293196202523085,40.45727848098628,180.67231012658297,10.095118642701456,8.610357074954386,2.472421812567674,-3.7253158414853296,9.426146021527884,-1.9864183402808515
275,275.0,4.9,16.12,-30.0450949367126,16.252373417731924,142.45015822784202,-9.265822784802527,14.581487341781505,-83.32594936711679,2.591881209207409,2.429169272407409,-0.37970157105761904,-4.012914944669608,-1.536252686985014,-2.442375230046877
276,276.0,4.9,16.12,12.82800632913234,-14.607753164497783,-61.7256329114434,17.465506329119904,-55.81139240504865,-118.25632911387447,12.012769078792596,12.124498749765255,2.555728385717975,6.939040153313898,19.598198454154986,3.670214286119638
277,277.0,4.9,16.12,28.320411392385278,-10.97895569620827,-107.69683544299899,-2.121044303807362,32.845094936721125,159.00174050634038,7.754514095393136,9.390550513686694,1.8472590472,-3.4451799217024774,10.445742875834464,-1.5654754116019822
278,278.0,7.2,15.8,-15.839873417737964,5.974999999981171,154.86376582277097,-24.840981012629626,1.342405063298766,-13.912816455758648,0.8833937572476314,0.6955056920286828,-0.6291608993342005,-1.7908490116292033,-5.657068786465539,-1.7086328386478915
279,279.0,7.2,15.8,-5.878797468316511,-5.512183544365694,5.617246835373614,16.735601265819717,-13.135759493747003,-180.40253164551498,11.199936328242634,11.337956758921317,2.140479769050224,8.777842541393412,18.900245419514725,0.7824227013080369
280,280.0,6.9,15.93,50.856012658224074,9.938291139238887,-138.89952531644815,-0.7563291139270861,33.18117088609423,139.73338607595673,6.947908741377318,10.242492283746804,-1.064836345893609,-1.4701017432107153,12.978548626824747,-0.5445943082028828
281,281.0,6.9,15.93,-15.106170886076146,28.263765822784485,158.8813291139242,-15.604905063291305,-27.962974683543827,52.16424050632831,1.5679469853245132,1.764315940771589,1.077824223499722,-1.191977005966574,-5.005397181361003,-0.03174276056712991
282,282.0,6.9,15.93,-49.71914556961216,43.921360759514855,76.06582278481673,1.5805379746839041,45.178164556961214,-219.9281645569612,8.286580917171783,10.73784896639843,1.7543327214178248,-3.0825612866719023,17.667366291538485,1.9700381065837458
283,283.0,6.5,15.96,70.95712025316345,-1.9848101265918479,-187.95348101265378,18.033544303798834,-5.341139240516411,111.15759493671082,6.529897777604338,8.64815761425632,1.2335575991978307,1.9788582324201927,14.444070689312639,0.4621358240729244
284,284.0,6.5,15.96,-21.24414556960363,-27.49604430376473,95.60933544307147,-14.044936708860634,-17.379272151912208,125.73338607594118,4.941160495663952,4.832847411894645,1.7842096861341628,-4.231213059132277,-1.2178800678370283,2.502371470628205
285,285.0,6.5,15.96,-62.43433544303914,-25.982594936708693,94.44778481012608,20.011867088599942,25.511867088626232,-206.66930379747834,5.875439594279474,8.979081950947396,1.0455726095196498,-6.886482865012429,12.56734660635431,-0.3339047638257332
286,286.0,5.9,16.06,71.30205696203794,6.4829113924108555,-184.9613924050703,1.1039556962217698,13.707753164507729,104.48797468357864,7.469846957112023,9.38146384558389,1.1419639847375953,4.202644574617398,14.841073276434017,1.2009909807214858
287,287.0,5.9,16.06,-31.787658227835983,-64.9851265822258,55.27990506336484,-17.561075949358926,-5.7341772152294475,147.2564873417442,6.575500735910088,8.134869906547731,3.688993400192688,-4.715059962188761,1.7419990839100883,1.6620364046244414
288,288.0,5.9,16.06,-49.41914556960931,-8.729272151907944,96.83069620252877,18.628955696206848,11.313607594919729,-197.81550632914903,5.392610398048386,8.99127020176348,1.0576154736414738,-6.853455855355069,7.833992152390674,-2.482744267529377
289,289.0,5.7,16.03,64.63275316455929,-11.383069620261093,-182.04446202532097,9.824841772154496,-15.547310126583236,75.57594936711082,8.359904270968507,10.13294341311765,-0.5203389621506662,8.012987398419362,18.08733997562012,2.405398548651618
290,290.0,5.7,16.03,-28.271360759494602,-62.2223101265819,25.680379746839396,-8.928797468354524,21.759493670884712,165.42088607594934,8.108700302419951,7.7907880744506945,4.107052826197546,-5.088412981134259,3.9770528945617336,1.0771942145113655
291,291.0,5.4,15.88,-58.418037974685326,17.585284810125017,110.29208860759057,14.970727848103424,40.28053797468959,-142.13022151899986,3.3902964463699092,5.794265359241208,-0.7490322249232385,-6.26878328304667,3.4363113336358433,-4.511033974421848
292,292.0,5.4,15.88,65.11376582278982,11.884493670867661,-168.44430379748687,14.006170886065846,-37.6805379746672,3.8476265823185214,10.209731816351335,10.70031496936062,-0.1331499765774321,11.818580923688506,19.0544280038593,3.555528419123009
293,293.0,5.4,15.88,-26.053481012672258,-70.23987341774756,-2.5575949366706814,-4.173734177219777,-7.012974683555906,160.02199367088366,7.751751748286706,7.727811406731117,2.7520004167081575,-3.77014340411722,5.411631823272808,0.6490546446954686
294,294.0,5.4,15.88,-43.86012658228655,12.786234177217645,116.0037974683332,4.505379746845791,20.660601265840324,-121.60601265826467,3.848531060938151,3.6438992952993905,-0.14117047562008406,-5.178019644171281,0.9548028529684662,-3.0211596414244957
295,295.0,5.8,15.9,34.68433544305157,12.525316455672675,-102.61234177220629,7.205696202534452,-54.52215189869014,-87.97389240498364,9.624235386134428,11.759965856660012,0.6164395639888818,10.426769912844472,18.69612250729223,3.6954873389985257
296,296.0,5.8,15.9,13.074841772130624,-13.096044303812334,-76.89841772146823,-10.265031645565776,33.16993670874695,166.6412974683588,9.89639926910378,7.84094648236746,2.8280134242613277,-3.931522629596695,9.472790917779726,-1.6626421824948205
297,297.0,5.8,15.9,-33.86882911393948,14.522943037995459,143.0710443037761,-6.650474683519669,19.79936708860136,-49.204588607669436,1.5729143638904912,1.5591026283752036,-0.2822440267830575,-3.8154071268221035,-2.250634417547938,-1.7414659993876018
298,298.0,5.7,15.78,12.647784810132608,-30.210126582261097,-44.91012658230487,8.434177215190704,-54.62167721519071,-137.358227848082,12.38188165262404,11.900482092175956,3.3959907583790043,6.555098137139733,19.801982130772913,3.751582370076638
299,299.0,5.7,15.78,19.475791139238527,-8.426582278482384,-88.87088607594474,-10.134968354430672,33.096044303794926,168.778164556963,8.929068929717765,9.0214864020858,3.274689797007009,-3.735589834217824,10.412376630567914,-1.6757027534481872
300,300.0,5.7,15.78,-32.339398734180996,16.712025316454753,150.60443037974073,-5.4731012658190075,20.04509493670905,-61.196993670904966,1.7600270334287254,1.4281819143699095,0.03089467154407241,-2.963465356759879,-3.567668207705317,-1.5556375789369306
301,301.0,5.7,15.95,24.671360759510943,-5.235284810083452,-86.84287974686782,16.48180379747301,-56.985284810124305,-101.4879746835051,12.928099445526803,12.45411460624954,2.277603648474682,8.541443784078357,20.276572747922735,4.029489027285396
302,302.0,5.7,15.95,6.9955696202415085,-14.508702531666437,-53.40585443034521,-8.635759493666713,20.700791139218634,176.78670886075864,9.559950238208387,7.52519082362789,2.246393972436785,-3.7896736827565434,9.606619365575538,-1.4463310194562895
303,303.0,5.7,15.77,-36.07974683545355,19.81930379746448,133.67531645567942,-1.8466772151839734,8.668987341799625,-94.3455696202987,2.9542575330841085,2.253857155839245,-0.5220836024254255,-3.7847547664269015,-0.9975950019402096,-2.8455809825943814
304,304.0,5.7,15.77,36.280221519019044,32.3354430379848,-110.6039556962637,19.604113924065924,-34.33734177214448,-82.44636075941183,10.99094296191045,11.621945425976978,0.48241726727335277,10.48364033960254,19.710340054081023,3.369893847592326
305,305.0,5.7,15.77,5.284018987320281,-26.116297468395025,-65.27136075944166,-7.784810126587585,29.842563291130485,176.0411392405164,8.639604030681879,7.599241110873266,1.8311453557669666,-3.637938441025832,9.822445906316712,-2.062431347836634
306,306.0,6.4,15.85,-35.36946202535162,17.303006329087932,129.72041139235827,-2.5713607594857204,17.458227848156003,-114.02943037981534,2.80613272747652,2.7728149444413552,-0.615785323888315,-4.9962135888,0.9019547912943588,-3.6172692999823806
307,307.0,6.4,15.85,39.164082278489715,24.293354430383115,-111.11376582280396,19.800791139244858,-45.78496835443087,-70.4102848101,11.21185803678912,11.555527939936795,1.0175856717667662,10.692900248191785,18.901117739655586,3.698879695088822
308,308.0,6.4,15.85,18.521835443034167,-2.5449367088705808,-77.8022151898654,-4.048734177215159,39.06234177214661,167.1607594936724,9.662035925437614,8.135015293241123,1.3151437631899698,-2.451098431422568,10.105901488848144,-1.77381453782658
309,309.0,5.6,15.93,-29.42737341772411,13.435917721522944,146.07974683543685,-16.684651898724248,20.74240506329308,-70.57974683546527,1.4837680920351906,1.392998335482103,-0.42954497448333545,-3.822943003565438,-2.842237088729618,-1.8930073922018615
310,310.0,5.6,15.93,22.940664556977204,6.2405063291394445,-75.56487341775289,13.88765822784664,-55.729430379723674,-108.46202531642456,10.724085693112839,11.317990320212537,1.0834943043947127,8.006808464114956,18.746644381933987,3.2676870047894253
311,311.0,5.6,15.93,26.52721518985935,1.2112341772197768,-103.94272151895936,-6.192563291145051,29.05791139241867,160.30569620253516,8.288858641976557,9.422705203206391,2.30459711051652,-4.144756441039432,10.608503274864653,-1.7376859454564835
312,312.0,5.8,15.81,-11.459177215200315,28.168987341762676,158.02816455694773,-23.158386075971023,4.579905063334648,-11.760126582327404,1.248774739378435,0.15452181995239925,0.2544024757204471,-1.6381445252966467,-4.847870703155425,-1.233654523657988
313,313.0,5.8,15.81,-15.495094936694128,65.27784810123028,32.4606012657849,13.391613924058817,10.277531645509288,-202.8545886075664,9.581443237161595,10.287901393140446,1.0485045744260784,6.664453158857478,19.19768235536776,1.8226644655365545
314,314.0,5.8,15.81,66.90569620251492,10.842879746840106,-158.5742088607263,21.891297468336052,-10.385443037918723,114.45000000002167,7.100419378789238,10.306559351639661,-0.6449353551569553,0.2194127457512686,14.082566685571098,0.25229436872067657
315,315.0,6.0,15.88,-7.941455696185533,5.339398734255598,138.8362341772624,-13.560917721515839,-45.87816455696832,90.52373417713807,3.4553569899673073,2.2141181273442307,0.5713696902056185,-3.8428125178106334,-4.4861486193881595,1.9017790558056182
316,316.0,6.0,15.88,-50.23749999999069,12.962500000029628,65.99999999999218,11.662499999998792,38.92500000000028,-222.79999999999922,7.605347351840576,9.594261496960293,1.7572889174400323,-4.515734810717976,16.820585748961324,2.216710856640087
317,317.0,6.0,15.88,64.89129746835346,-12.483227848099162,-175.20490506328667,15.554905063289885,5.2977848101271485,111.82246835443102,6.709910730469238,8.475292840297985,0.6282885791938186,2.012636406642356,14.688514176793818,0.7371105163746525
318,318.0,6.4,15.77,-27.40664556961216,-27.224367088594967,103.68037974685325,-15.009493670883648,-22.75332278481887,129.17310126581688,5.593680189793884,4.694293896687491,1.4387709115966643,-4.852716926144302,-0.8013472020740432,1.380131613450139
319,319.0,6.4,15.77,-53.94003164557217,-4.108860759507391,92.8939873417673,21.28623417721871,31.345886075944026,-190.0583860759632,5.853558897490204,9.142835825690005,0.7767526204112507,-6.9553961558929185,8.352949940985438,-2.5875196085156187
320,320.0,6.4,15.77,53.03797468356017,19.362341772142347,-160.48813291141784,13.87737341772411,27.61392405065493,27.364715189943194,10.081113058269171,10.893824653242197,0.30010235849223005,12.519005532049714,19.776951389041376,3.6253382612572334
321,321.0,5.9,15.85,19.669303797441035,-5.439715189908021,-74.92009493666535,5.105537974682128,31.49398734173532,154.42579113924032,9.21240335667166,7.2670567562074915,0.6508235160855591,-3.080816646396797,8.538826823660965,-2.2918030818272803
322,322.0,5.9,15.85,-19.29620253164654,22.8213607594978,158.91724683546101,-23.277848101265093,-5.936392405002824,-13.905221519033967,1.0220441969149967,1.1024672673904168,-0.22127854160124436,-0.8293826020550096,-4.034068708004977,-1.6967353612154328
323,323.0,5.9,15.85,-16.11693037972332,14.601898734061624,21.8683544303143,14.413449367075575,-9.955537974749273,-184.65443037970093,10.255334774664593,10.8132077338537,2.7410237216420246,7.803848645399219,19.441689682776648,0.6875821174459162
324,324.0,5.8,15.86,60.65174050631908,25.806170886077567,-153.6715189873107,14.568987341741716,12.106803797584917,132.73797468356017,5.657916875492785,9.524718197092787,-1.357620907673329,-1.4765472197855718,11.962077586343877,-0.38907901254056876
325,325.0,5.8,15.86,-10.134493670883701,13.78401898735458,135.38607594937852,-4.918512658226913,-43.42879746836371,101.35126582277086,4.595673258894968,3.1379293843032907,0.9766350875237421,-3.3332321706930648,-3.3458323504622247,1.561574202095839
326,326.0,5.8,15.86,-54.428164556958016,-26.16503164556329,87.18227848101009,14.57911392404816,26.341455696204363,-215.02104430379956,6.518848389193305,9.334310095919214,1.6868490663192144,-6.89307372827467,13.459802800584647,0.52797176335626
327,327.0,5.4,15.75,72.69414556961927,13.126898734166783,-180.05585443038075,11.277215189877825,-29.483069620251456,93.77104430380025,5.403296319735951,8.53100017353716,0.6149130037486403,2.997679691048942,14.1979794860145,0.16976319124592115
328,328.0,5.4,15.75,-29.490506329114577,-67.92136075948963,16.387974683582907,-13.94636075949993,4.838765822781289,141.1976265822709,6.224585729401558,7.730525291603118,3.4457372373459885,-4.133852439317928,3.5413774479999995,1.2538390423999999
329,329.0,5.4,15.75,-41.918354430390686,11.46851265822631,112.97579113921863,5.888607594957386,28.530537974678932,-122.83971518991477,4.683801823922635,4.452733911887723,0.05587695104433849,-6.730313329246223,3.4620205465848954,-3.402581621642453
330,330.0,5.2,15.81,41.371044303820504,-13.343354430363684,-104.12974683550222,-3.121835443009653,-107.95806962027028,-98.71360759487817,10.854691402621425,11.127533756811227,0.4866819435010138,11.420487936396944,18.538499104627036,2.3258235671999996
331,331.0,5.2,15.81,10.00443037971586,1.9245253164398308,-82.5591772151385,8.771677215198183,47.31867088604346,165.04161392406877,9.850408612955988,10.100376794640722,1.4874027592757464,-3.5490829425514927,10.376611504920362,-2.9989154779119755
332,332.0,5.2,15.81,-23.84082278482562,24.92531645567019,151.8781645569328,-19.454746835445377,19.188132911432742,-24.806487341850783,1.840207792754895,0.8558914417959522,-0.056434266686162485,-1.5372703938171004,-4.463225984649152,-1.5934138871231722
333,333.0,5.1,15.69,0.919620253191512,-22.216455696243795,-11.425632911478928,4.6137658227738285,-25.31265822792231,-169.6306962024428,11.455938057549583,12.635484501555009,2.762759031740569,7.9035112211296275,19.04664981596394,0.9507804878883148
334,334.0,5.1,15.69,55.308702531643696,19.761392405061798,-148.8087025316437,-14.29762658227589,57.7783227848075,146.20601265822987,5.785081766679661,10.666706412943732,-0.3849354918841327,-1.8373485211910816,12.355687817377161,-1.6523924208791057
335,335.0,5.1,15.69,-12.746835443039494,14.8037974683563,155.81012658228192,-14.507911392405882,-20.02136075949034,55.61155063289707,0.8794683166273108,1.4955444138932141,0.4875300325265196,-1.759300099979559,-7.256128523371981,-0.1595618918583263
336,336.0,4.2,15.81,-20.862025316456883,57.18765822782426,66.89841772150731,10.921677215190368,13.744145569603631,-210.62452531644908,9.383717339274876,10.033450455188179,2.2573948986187187,3.278082153101524,17.805919806748797,0.8323872603054135
337,337.0,4.2,15.81,62.13243670885992,23.95047468356159,-168.85806962023867,19.272784810119333,-17.78338607592804,132.69667721519002,6.366313520666349,8.94995615079336,-0.46497086452131753,-0.5100165071886166,12.51028233067299,-0.18151528199146247
338,338.0,6.6,15.48,-11.148892405057534,-16.25537974681062,135.24715189876403,-14.039873417729794,-42.17056962027277,91.4488924050149,3.525409143254863,3.0066694346914797,0.7228868519059815,-3.856066937680724,-5.314610439070695,1.5055518643627794
339,339.0,6.6,15.48,-49.11439873415364,-0.42199367082041084,86.71424050630024,7.206645569616066,37.348892405061086,-217.37547468354276,6.847179996586599,9.906503644033721,1.9690446308715948,-6.506005898271157,14.913839314593515,0.8272744950540422
340,340.0,6.6,15.75,62.95727848100014,-13.826740506292076,-177.62025316454182,13.479430379749965,-3.852056962020882,119.45253164558318,6.5422798773371476,8.633061629650912,0.7239045587334981,0.8850414730596962,14.186106239694524,0.9703349976394677
341,341.0,6.6,15.75,-40.438291139211884,-44.345569620199235,94.89509493679111,-13.684335443033456,0.9297468354141134,138.02056962022303,5.593074411920459,5.309982296110643,3.033469047808923,-4.55048222953601,-0.5016567725412355,1.9243866860452514
342,342.0,6.2,15.77,-47.69129746835419,-16.058227848106597,86.27974683544342,14.62958860759521,26.690981012652383,-189.9873417721572,5.268522858458634,9.499638993132445,1.3207169196252377,-6.9424567405165085,8.3566088393387,-2.199506765034539
343,343.0,6.2,15.77,66.15965189873491,10.83322784809703,-173.7536392405086,10.634335443034521,11.714715189879247,25.498575949379177,10.289088717769811,10.965161055619165,0.03680706358907563,10.790042787971151,18.763485006815046,3.272605921121897
344,344.0,6.2,15.77,-11.367563291147537,-36.87784810127682,-27.66234177213915,2.602373417715583,-2.7458860759482877,166.66693037974144,7.987011643207098,5.771488111199999,1.7095536210146525,-4.17276760990574,6.98602428517145,-0.8196659249631415
345,345.0,6.1,15.9,-36.86313291141356,13.207278480991612,115.58939873416394,-4.155063291129419,29.661392405085955,-111.82436708862907,2.710007894522973,2.516522441753717,-0.8440908888196251,-3.7978637996068643,0.3754611259466838,-3.7526727702488945
346,346.0,6.1,15.9,36.0539556962239,12.411867088613086,-104.62436708864826,15.534493670897502,-58.45838607595575,-87.36962025309985,12.171991735039775,12.085486654716632,1.94340811126777,10.429096099877475,19.956140484,4.337951120429957
347,347.0,6.1,15.9,14.822310126566979,-5.239556962034382,-66.4780063290652,-6.268512658204994,-0.6416139240836858,173.47895569620044,10.370529495071334,8.230122419364978,3.257994558815045,-2.9867756893281445,9.50017207766018,-1.4919582088830088
348,348.0,6.0,15.82,-26.913449367103286,14.381329113901115,141.57325949365003,-11.774208860735182,18.473575949345072,-69.16851265829665,2.422844951410165,1.5776394313009612,0.16455350153406595,-2.5873984529442304,-2.3951730181445052,-1.9949234616247251
349,349.0,6.0,15.82,14.274525316486725,-15.480854430302578,-59.70838607603355,10.753481012672259,-39.2781645569399,-121.66281645562577,11.700841936213896,11.8939639222574,2.110190875374137,6.348939811263567,19.435292668435647,3.649423989505016
350,350.0,6.0,15.82,23.874999999975486,-5.9106012658243365,-100.1210443037292,-3.0838607595191148,64.66613924052992,158.13053797470556,8.807404501621583,9.17014429221865,1.2739508677991789,-3.75024965875519,10.739351295522814,-1.8468955804771847
351,351.0,5.7,15.79,-6.271993670888391,36.26186708860356,158.6794303797446,-26.08243670885897,3.175632911396439,-21.6851265822876,1.0869351227160728,0.7222083806888224,0.04029634413951586,-1.1304784362572202,-5.666034298995104,-1.816558224575469
352,352.0,5.7,15.79,-0.19208860759198676,-31.35727848101719,-2.6716772152010257,8.754272151899418,-46.05205696203154,-164.20680379745986,11.046965299645679,12.088345926280555,1.6985526948336436,8.458452215415733,18.408911101946295,0.6418095413290152
353,353.0,5.7,15.79,43.04683544303133,2.9232594936620946,-134.6028481012555,-19.229746835449994,59.46091772153076,139.45838607595823,7.830720951866785,9.803424481094138,-0.3195357126699817,-2.032942080960925,12.58035871506998,-0.73168274662913
354,354.0,6.3,15.92,0.7175632911386559,43.13560126582185,154.55015822785126,-25.6462025316437,-15.071202531634462,31.480221518962203,1.0375763415894257,1.3191176660391175,0.2176923365906583,-1.7167744932651958,-6.150632366614271,-0.4249410626459943
355,355.0,6.3,15.92,-32.03481012657693,65.5134493670905,71.50632911391178,10.8085443037896,37.95965189872851,-207.0727848101222,8.86022833218435,9.57310773362006,2.9246955728601804,1.7539692547022998,17.89952460375115,2.0394117886457392
356,356.0,6.3,15.92,64.90664556961926,20.23829113925416,-166.71155063289814,13.460759493659607,-7.143670886060516,120.69208860759909,6.935284330495372,8.562040231772228,0.15917419401851324,0.3103036578790088,13.433730120910331,0.18883307870107519
357,357.0,6.3,16.05,-11.1452531645429,-19.048734177172527,122.57500000003766,-15.46028481012253,-28.682120253213892,111.24699367083889,5.0482862547976355,2.9409304198657993,2.0044220586773767,-3.3753458484531595,-2.7737114956949807,2.5809287452531597
358,358.0,6.3,16.05,-59.53354430377823,-26.22325949363687,92.86740506327887,14.006012658219205,39.558227848121895,-217.56613924052138,5.83066049387826,10.39439714328643,1.4619843197080369,-6.961962788037943,13.460117805083529,-0.5761432198461129
359,359.0,6.3,16.05,61.68781645570323,-21.31993670889971,-149.08607594938593,15.64778481012786,-47.3014240506393,35.79825949373315,7.790957692253575,9.931485923533444,1.0623890032845253,6.289088957360398,16.16319560072479,1.9238778326309491
360,360.0,5.3,16.06,61.632120253164196,-9.023734177214939,-134.5142405063284,4.5268987341761715,20.94778481012543,78.94699367088654,7.146119261559531,7.79975358697721,1.1851438315544192,-0.4989186565469676,11.58295756204558,1.1788437416707096
361,361.0,5.3,16.06,36.89525316455818,-0.49715189873206367,-89.12658227848416,-0.14984177215158395,1.933069620247903,15.043354430384289,7.308540424980059,8.498167012797884,1.945128520429305,4.369645418766465,12.338411032427189,2.442520616735045
362,362.0,5.3,16.06,-4.576582278471016,22.60000000000675,44.811075949357864,15.249683544301746,-15.813607594943885,1.0982594936663577,9.47712828735566,1.9149850134476432,2.1159821118476434,-4.303131008265565,8.437855767720283,-0.7457367932919816
363,363.0,6.3,15.92,-29.333069620244352,21.667246835442533,55.70110759493394,16.82246835443529,18.638291139247055,-49.82262658227873,2.7505707809258975,9.96991647182395,0.5357499512501508,-0.8686127771375715,11.24701738456377,-1.2804932688300903
364,364.0,6.3,15.92,-0.8700949367086944,10.768354430378249,8.444778481008665,5.366455696204362,1.9303797468479222,-14.520727848095609,0.7884077866954923,8.984243178427922,1.989326074073873,-0.49206125101890597,9.09909866322792,1.1964112999999998
365,365.0,6.3,15.92,-0.8362341772162242,-3.470727848102714,-0.33148734177297934,-0.8077531645567552,-7.149525316454041,-3.2025316455675514,-0.44694291500746813,9.351877654248133,1.0741653251443988,-0.9791793545925317,9.188438783999999,0.6221338759999999
366,366.0,5.6,15.78,1.8658227848096318,17.963291139238528,-11.225316455691503,5.682911392404816,16.268196202505674,19.58655063290595,2.136772408464441,9.927269709534773,2.1946363109328098,-2.814225919864834,9.203098608535951,1.2790394019339877
367,367.0,5.6,15.78,-6.861234177218356,4.968512658229863,13.597943037976986,-1.2495253164597255,7.530537974689588,-9.04920886075863,0.048534923218271915,9.375115293472096,1.7324035624,-0.1531406464,9.197331603181727,0.8183089825279034
368,368.0,5.6,15.78,4.196044303798125,0.35205696201875086,-1.4674050632934372,4.890506329110313,-3.303955696201875,0.375,0.5921115245933171,9.39009012250334,1.413279778683293,0.5723147036899757,9.263700626993316,0.7158840596899758
369,369.0,5.7,15.97,2.3330696202533487,1.5534810126587073,-1.5074367088613863,4.0625,-0.49683544304018723,2.9621835443040188,0.6750303999068805,9.3478795202836,1.370075700751319,1.371456874302638,9.20947139176508,1.3047243837672013
370,370.0,5.7,15.97,-14.049841772150874,-17.511075949366386,3.8109177215172605,1.156645569620685,-41.648734177215516,-18.345727848099163,0.6530285475440724,9.36193356694685,2.524397554106296,1.5347988200909242,9.126891752060832,2.0365040548559277
371,371.0,5.7,15.97,-73.347943037988,-131.12626582268535,-31.218512658160233,4.261550632931885,71.90000000002239,-49.191772151884855,2.672861595325034,13.352967814825938,1.7045620113405993,-12.43814630149363,9.838099206564976,9.80434526345992
372,372.0,5.5,15.69,-2.944778481012928,1.308860759493536,1.871360759493536,-1.5151898734159677,5.350791139234975,-0.6729430379741439,-0.554577527556435,9.228953208174259,1.9210427921821749,0.9571290399999999,9.141139647643564,1.55789107262574
373,373.0,5.5,15.69,-1.1284810126584033,-1.0520569620247904,0.3020569620247903,0.27072784809916123,-1.5346518987327742,-0.6735759493663871,-0.8587507133568277,9.32987580188546,1.7020904376140966,0.7454944821427311,9.207048280271366,1.4271884386572689
374,374.0,5.5,15.69,-0.5033227848103424,-2.8450949367069183,-1.5625,0.4375,-4.375,-1.5132911392413697,-0.8538802592548157,9.30482082904111,1.6845471103999998,0.6704991814137039,9.189456490827407,1.4074885422137038
375,375.0,1.9,17.16,0.037183544301746835,-0.9564873417736899,-0.32515822784912657,0.75,-1.9691455696228164,-0.06566455696228164,-0.729841181893867,9.312380936901226,1.7893466825012267,0.6800462406987734,9.197525452101226,1.4074643110987732
376,376.0,1.9,17.16,-1.9525316455711044,-0.10996835442889574,0.6039556962004541,-0.375,0.13101265822844171,-1.1370253164568833,-0.6048328599353716,9.305596224719213,1.7994025951999997,0.8486221073130995,9.189359566367685,1.5993262791676857
377,377.0,2.1,15.88,-0.6704113924030396,-0.6392405063308003,0.1875,0.2982594936691997,1.1761075949353597,0.4914556962015198,-0.7474329713378247,9.293286818331088,1.7798238543310876,0.7839734926621751,9.160161072868911,1.5131362033378246
378,378.0,2.1,15.88,-0.375,0.25537974683551856,-0.11155063291120353,0.32594936708879646,0.9428797468355186,0.054430379746722116,-0.8327022648,9.303294268799998,1.68413518144607,0.7095112764617895,9.179279422553929,1.45401228289214
379,379.0,2.1,15.88,-0.7424050632909504,-0.6748417721515839,0.13512658227873284,0.20268987341809927,0.44509493670904965,-0.31756329113936643,-0.7553565459220059,9.313253257038996,1.7603420379220058,0.7756622202389969,9.178867493599999,1.5030802906389968
380,380.0,7.2,15.21,-0.2523734177216224,0.24287974683513275,0.1875,0.24762658227837758,1.0071202531648673,0.06012658227837758,-0.7940536364759334,9.322436849599999,1.7416113860759332,0.7657032319999999,9.207217898075934,1.4548361407999997
381,381.0,7.2,15.21,-0.30585443037931515,0.4352848101264384,0.2411392405057535,0.36170886075863024,0.8772151898735616,0.12056962025287675,-0.7171683087817281,9.322436849599999,1.722832272,0.8039883936,9.197670838790863,1.4172294504182719
382,382.0,7.2,15.21,-1.824841772153005,-1.7939873417704926,1.6188291139234976,0.875,-0.1188291139234975,-0.44572784810200333,-0.7373043652942053,9.340949421411588,1.6475219667768217,0.7555019326115889,9.198325078894204,1.3887821214826164
383,383.0,6.2,15.59,2.43180379746768,-1.8693037974676798,-3.43560126582256,-0.9280063291127998,-6.17610759493536,0.26518987341952033,-0.7952894233378247,9.302421948662174,1.7425563995585496,0.6038636153378247,9.1968469808829,1.4342396931036254
384,384.0,6.2,15.59,0.381962025317517,-0.18575949367062075,-0.444462025317517,1.5572784810118623,-0.1875,-0.7517405063293793,-0.8611495937356556,9.312865559199999,1.6273859102643442,0.5562010122573776,9.198010074399999,1.2921242039999998
385,385.0,6.2,15.59,0.19857594936922918,2.9422468354439553,1.3140822784813184,0.18275316455604465,5.184335443037363,2.1202531645560447,-0.6132895190482417,9.322194538450585,1.827631844101172,0.8049576381976556,9.179352115898826,1.6347521692046885
386,386.0,3.2,16.5,-0.8096518987334846,0.4446202531662883,-0.375,-0.008544303799545964,2.6889240506332577,-0.620727848100227,-0.6602009575655166,9.3511507208,1.599495896972417,0.8620703761034503,9.169732363268965,1.43569356
387,387.0,3.2,16.5,-9.494936708860605,-5.327689873418185,-0.1212025316454536,-2.1224683544303025,-7.030379746836371,-1.4463607594939416,-0.774305277802502,9.1974285276415,2.4211487733610007,0.587604537215012,9.1403884830805,2.088285947475496
388,388.0,3.2,16.5,16.580696202528767,-33.07009493672965,20.217405063293082,0.48892405063219185,-25.718512658229862,-6.732911392408013,1.4093543380639517,10.008177402308641,1.4068100709954319,-0.1009710559416074,8.788480000854817,-1.6873336886172807
389,389.0,3.2,16.5,-3.68560126582256,-0.42990506329023986,-0.75,-2.875,-1.1818037974676798,-1.8125,-0.7659940053792749,9.284442461379275,2.086977467268912,0.5267117453792749,9.216861881820725,1.6556878525103624
390,390.0,3.2,16.5,0.06408227848131845,-0.621835443037363,-0.2523734177219777,1.2492088607593408,-1.2515822784813184,-1.5,-0.8712297375494138,9.21751612192412,2.1250687799494137,0.4693566963241208,9.178867493599999,1.7609962780252928
391,391.0,3.2,16.5,-2.1875,2.2550632911407873,3.315664556962992,-0.7531645569629921,10.747468354429607,1.186234177214803,-0.9949295793011177,9.198106998859776,2.0487407678988823,0.4216213998988822,9.159531063880447,1.732597411319553
392,392.0,3.2,16.5,-0.059651898732774156,-0.8120253164554624,-1.0,0.49952531645546233,-2.126424050633613,-0.18797468354453764,-0.8041337802896918,9.24601191308969,2.0292589514896915,0.6413491501448458,9.169223509855152,1.7514734498551539
393,393.0,3.4,16.04,-0.31091772151761576,-0.375,0.3125,0.6240506329105695,-0.5612341772140926,-0.125,-0.8135112217700845,9.255486279029915,1.9526886282897462,0.5838487144,9.1597249128,1.67497582
394,394.0,3.4,16.04,-0.3128164556968321,-0.24936708860633577,-0.00015822784841605528,0.43765822784841607,0.18765822784841604,0.06202531645475184,-0.717871011114985,9.284127456885015,2.0099709839999997,0.6412522256850149,9.159797606144954,1.665428760714985
